Workbook

Sheet 수강생명단
A2: 아침모의고사 응시자 명단 | H2: 수험번호 찾기( 누적+온라인) | K2: 이름찾기 | N2: 기록 | R2: 메모참고!
A3: 번호 | B3: 연락처 | C3: 수험번호 | D3: 이름 | E3: 기수 | H3: 이름 | I3: 수험번호 | K3: 수험번호 | L3: 이름 | N3: 이름 | O3: 수험번호 | P3: 이름
A4: 1 | B4: 010-5624-8119 | C4: 35357 | D4: 강건욱 | E4: 49 | H4: 오예찬 | I4: =VLOOKUP($H4,$N$4:$O$300,2,FALSE) -> 36028 | K4: 18821 | L4: =VLOOKUP($K4,$O$4:$P$310,2,FALSE) -> 최원석 | N4: 강건욱 | O4: 35357 | P4: 강건욱
A5: 2 | B5: 010-9299-2113 | C5: 33596 | D5: 강동우 | E5: 39 | H5: 권원대 | I5: =VLOOKUP($H5,$N$4:$O$300,2,FALSE) -> 36167 | K5: 21889 | L5: =VLOOKUP($K5,$O$4:$P$310,2,FALSE) -> 이동근 | N5: 강동우 | O5: 33596 | P5: 강동우
A6: 3 | B6: 010-4521-7896 | C6: 32833 | D6: 강민수 | E6: 49 | H6: 최성재 | I6: =VLOOKUP($H6,$N$4:$O$300,2,FALSE) -> 26524 | K6: 22569 | L6: =VLOOKUP($K6,$O$4:$P$310,2,FALSE) -> 김민규 | N6: 강민재 | O6: 34684 | P6: 강민재
A7: 4 | B7: 010-9890-4220 | C7: 34684 | D7: 강민재 | E7: 51 | H7: 문진서 | I7: =VLOOKUP($H7,$N$4:$O$300,2,FALSE) -> 22573 | K7: 22573 | L7: =VLOOKUP($K7,$O$4:$P$310,2,FALSE) -> 문진서 | N7: 강민준 | O7: 32833 | P7: 강민준
A8: 5 | B8: 010-2765-1446 | C8: 41363 | D8: 고건호 | E8: 52 | H8: 심희은 | I8: =VLOOKUP($H8,$N$4:$O$300,2,FALSE) -> 36111 | K8: 22576 | L8: =VLOOKUP($K8,$O$4:$P$310,2,FALSE) -> 유현민 | N8: 고건호 | O8: 41363 | P8: 고건호 | AJ8: 황수빈 | AK8: 0 | AL8: 0
A9: 6 | B9: 010-2449-1632 | C9: 41273 | D9: 고윤솔 | E9: 52 | H9: 김동현 | I9: =VLOOKUP($H9,$N$4:$O$300,2,FALSE) -> 32686 | K9: 22583 | L9: =VLOOKUP($K9,$O$4:$P$310,2,FALSE) -> 김동건 | N9: 고윤솔 | O9: 41273 | P9: 고윤솔 | AJ9: 권나영 | AK9: 0 | AL9: 0
A10: 7 | B10: 010-6267-6869 | C10: 41436 | D10: 고현지 | E10: 52 | H10: 정윤석 | I10: =VLOOKUP($H10,$N$4:$O$300,2,FALSE) -> 26738 | K10: 22594 | L10: =VLOOKUP($K10,$O$4:$P$310,2,FALSE) -> 임진수 | N10: 고현지 | O10: 41436 | P10: 고현지
A11: 8 | B11: 010-2366-4154 | C11: 32975 | D11: 공민준 | E11: 50 | H11: 안서진 | I11: =VLOOKUP($H11,$N$4:$O$300,2,FALSE) -> 28682 | K11: 22606 | L11: =VLOOKUP($K11,$O$4:$P$310,2,FALSE) -> 이근혁 | N11: 공민준 | O11: 32975 | P11: 공민준
A12: 9 | B12: 010-9967-7436 | C12: 31841 | D12: 공초연 | E12: 49 | H12: 최준하 | I12: =VLOOKUP($H12,$N$4:$O$300,2,FALSE) -> 36025 | K12: 22838 | L12: =VLOOKUP($K12,$O$4:$P$310,2,FALSE) -> 배민재 | N12: 공초연 | O12: 31841 | P12: 공초연
A13: 10 | B13: 010-9005-4527 | C13: 32828 | D13: 곽민지 | E13: 49 | H13: 문기환 | I13: =VLOOKUP($H13,$N$4:$O$300,2,FALSE) -> 35951 | K13: 23915 | L13: =VLOOKUP($K13,$O$4:$P$310,2,FALSE) -> 김수빈 | N13: 곽민지 | O13: 32828 | P13: 곽민지
A14: 11 | B14: 010-9910-5290 | C14: 41382 | D14: 곽정민 | E14: 52 | H14: 이수진 | I14: =VLOOKUP($H14,$N$4:$O$300,2,FALSE) -> 36263 | K14: 24108 | L14: =VLOOKUP($K14,$O$4:$P$310,2,FALSE) -> 이승향 | N14: 곽정민 | O14: 41382 | P14: 곽정민
A15: 12 | B15: 010-4318-3133 | C15: 43354 | D15: 구민상 | E15: 52 | H15: 정현지 | I15: =VLOOKUP($H15,$N$4:$O$300,2,FALSE) -> 36472 | K15: 24270 | L15: =VLOOKUP($K15,$O$4:$P$310,2,FALSE) -> 박준우 | N15: 구민상 | O15: 43354 | P15: 구민상
A16: 13 | B16: 010-5181-9377 | C16: 35360 | D16: 구소현 | E16: 49 | H16: 전서준 | I16: =VLOOKUP($H16,$N$4:$O$300,2,FALSE) -> 48537 | K16: 24384 | L16: =VLOOKUP($K16,$O$4:$P$310,2,FALSE) -> 손승효 | N16: 구소현 | O16: 35360 | P16: 구소현
A17: 14 | B17: 010-5210-7936 | C17: 36141 | D17: 권경희 | E17: 51 | H17: 김대호 | I17: =VLOOKUP($H17,$N$4:$O$300,2,FALSE) -> 28700 | K17: 25054 | L17: =VLOOKUP($K17,$O$4:$P$310,2,FALSE) -> 정민겸 | N17: 권경희 | O17: 36141 | P17: 권경희
A18: 15 | B18: 010-8667-4353 | C18: 36169 | D18: 권민재 | E18: 51 | H18: 이동근 | I18: =VLOOKUP($H18,$N$4:$O$300,2,FALSE) -> 21889 | K18: 25104 | L18: =VLOOKUP($K18,$O$4:$P$310,2,FALSE) -> 박나현 | N18: 권민재 | O18: 36169 | P18: 권민재
A19: 16 | B19: 010-9195-0384 | C19: 37133 | D19: 권성준 | E19: 51 | H19: 이근혁 | I19: =VLOOKUP($H19,$N$4:$O$300,2,FALSE) -> 22606 | K19: 25225 | L19: =VLOOKUP($K19,$O$4:$P$310,2,FALSE) -> 박준우A | N19: 권성준 | O19: 37133 | P19: 권성준
A20: 17 | B20: 010-6332-4629 | C20: 36167 | D20: 권원대 | E20: 51 | H20: 황호준 | I20: =VLOOKUP($H20,$N$4:$O$300,2,FALSE) -> 26671 | K20: 25238 | L20: =VLOOKUP($K20,$O$4:$P$310,2,FALSE) -> 김수진 | N20: 권원대 | O20: 36167 | P20: 권원대
A21: 18 | B21: 010-8895-7452 | C21: 41283 | D21: 권태현 | E21: 52 | H21: 이민주 | I21: =VLOOKUP($H21,$N$4:$O$300,2,FALSE) -> 25024 | K21: 25266 | L21: =VLOOKUP($K21,$O$4:$P$310,2,FALSE) -> 박산들 | N21: 권태현 | O21: 41283 | P21: 권태현
... A68: 65 | B68: 010-2672-3483 | C68: 32660 | D68: 김지우 | E68: 49 | H68: 김봉준 | I68: =VLOOKUP($H68,$N$4:$O$300,2,FALSE) -> 21860 | K68: 32828 | L68: =VLOOKUP($K68,$O$4:$P$310,2,FALSE) -> 곽민지 | N68: 김지윤A | O68: 41310 | P68: 김지윤A
A69: 66 | B69: 010-3205-8571 | C69: 41352 | D69: 김지윤 | E69: 52 | I69: =VLOOKUP($H69,$N$4:$O$300,2,FALSE) -> #N/A | K69: 32832 | L69: =VLOOKUP($K69,$O$4:$P$310,2,FALSE) -> 안동규 | N69: 김지현 | O69: 41399 | P69: 김지현
A70: 67 | B70: 010-2796-9616 | C70: 41310 | D70: 김지윤A | E70: 52 | I70: =VLOOKUP($H70,$N$4:$O$300,2,FALSE) -> #N/A | K70: 32833 | L70: =VLOOKUP($K70,$O$4:$P$310,2,FALSE) -> 강민준 | N70: 김진주 | O70: 41347 | P70: 김진주
A71: 68 | B71: 010-7762-1506 | C71: 36071 | D71: 김지윤B | E71: 50 | I71: =VLOOKUP($H71,$N$4:$O$300,2,FALSE) -> #N/A | K71: 32837 | L71: =VLOOKUP($K71,$O$4:$P$310,2,FALSE) -> 서보영 | N71: 김찬엽 | O71: 41375 | P71: 김찬엽
A72: 69 | B72: 010-2423-3648 | C72: 41399 | D72: 김지현 | E72: 52 | I72: =VLOOKUP($H72,$N$4:$O$300,2,FALSE) -> #N/A | K72: 32844 | L72: =VLOOKUP($K72,$O$4:$P$310,2,FALSE) -> 심현석 | N72: 김태현 | O72: 45108 | P72: 김태현
A73: 70 | B73: 010-8132-3150 | C73: 41347 | D73: 김진주 | E73: 52 | I73: =VLOOKUP($H73,$N$4:$O$300,2,FALSE) -> #N/A | K73: 32847 | L73: =VLOOKUP($K73,$O$4:$P$310,2,FALSE) -> 정시은 | N73: 김태훈a | O73: 37298 | P73: 김태훈a
A74: 71 | B74: 010-8405-9831 | C74: 41375 | D74: 김찬엽 | E74: 52 | I74: =VLOOKUP($H74,$N$4:$O$300,2,FALSE) -> #N/A | K74: 32853 | L74: =VLOOKUP($K74,$O$4:$P$310,2,FALSE) -> 김성수 | N74: 김하은 | O74: 41252 | P74: 김하은
A75: 72 | B75: 010-8470-3385 | C75: 45108 | D75: 김태현 | E75: 51 | I75: =VLOOKUP($H75,$N$4:$O$300,2,FALSE) -> #N/A | K75: 32878 | L75: =VLOOKUP($K75,$O$4:$P$310,2,FALSE) -> 이영준 | N75: 김한비 | O75: 32657 | P75: 김한비
A76: 73 | B76: 010-8795-6478 | C76: 37298 | D76: 김태훈A | E76: 32 | I76: =VLOOKUP($H76,$N$4:$O$300,2,FALSE) -> #N/A | K76: 32975 | L76: =VLOOKUP($K76,$O$4:$P$310,2,FALSE) -> 공민준 | N76: 김혜연 | O76: 35971 | P76: 김혜연
A77: 74 | B77: 010-3606-3460 | C77: 41252 | D77: 김하은 | E77: 52 | I77: =VLOOKUP($H77,$N$4:$O$300,2,FALSE) -> #N/A | K77: 32978 | L77: =VLOOKUP($K77,$O$4:$P$310,2,FALSE) -> 전선호 | N77: 남규혁 | O77: 41266 | P77: 남규혁
A78: 75 | B78: 010-6644-8817 | C78: 32657 | D78: 김한비 | E78: 49 | I78: =VLOOKUP($H78,$N$4:$O$300,2,FALSE) -> #N/A | K78: 33000 | L78: =VLOOKUP($K78,$O$4:$P$310,2,FALSE) -> 장예진 | N78: 남동현 | O78: 37313 | P78: 남동현
A79: 76 | B79: 010-8990-2472 | C79: 35971 | D79: 김혜연 | E79: 50 | I79: =VLOOKUP($H79,$N$4:$O$300,2,FALSE) -> #N/A | K79: 33035 | L79: =VLOOKUP($K79,$O$4:$P$310,2,FALSE) -> 박서안 | N79: 노예빈 | O79: 45278 | P79: 노예빈
A80: 77 | B80: 010-8561-5927 | C80: 41266 | D80: 남규혁 | E80: 52 | I80: =VLOOKUP($H80,$N$4:$O$300,2,FALSE) -> #N/A | K80: 33596 | L80: =VLOOKUP($K80,$O$4:$P$310,2,FALSE) -> 강동우 | N80: 노현학 | O80: 28727 | P80: 노현학
... A85: 82 | B85: 010-2888-9707 | C85: 26717 | D85: 류호준 | E85: 48 | I85: =VLOOKUP($H85,$N$4:$O$300,2,FALSE) -> #N/A | K85: 35362 | L85: =VLOOKUP($K85,$O$4:$P$310,2,FALSE) -> 정명수 | N85: 박나현 | O85: 25104 | P85: 박나현
A86: 83 | B86: 010-7267-0889 | C86: 35951 | D86: 문기환 | E86: 일반생 | I86: =VLOOKUP($H86,$N$4:$O$300,2,FALSE) -> #N/A | K86: 35414 | L86: =VLOOKUP($K86,$O$4:$P$310,2,FALSE) -> 이정연A | N86: 박민준 | O86: 38884 | P86: 박민준
A87: 84 | B87: 010-4465-5912 | C87: 22573 | D87: 문진서 | E87: 49 | I87: =VLOOKUP($H87,$N$4:$O$300,2,FALSE) -> #N/A | K87: 35971 | L87: =VLOOKUP($K87,$O$4:$P$310,2,FALSE) -> 김혜연 | N87: 박민철 | O87: 45140 | P87: 박민철
A88: 85 | B88: 010-7523-0446 | C88: 41509 | D88: 민원재 | E88: 일반생 | I88: =VLOOKUP($H88,$N$4:$O$300,2,FALSE) -> #N/A | K88: 35980 | L88: =VLOOKUP($K88,$O$4:$P$310,2,FALSE) -> 김시온 | N88: 박산들 | O88: 25266 | P88: 박산들
A89: 86 | B89: 010-4909-4680 | C89: 26646 | D89: 박근우 | E89: 49 | I89: =VLOOKUP($H89,$N$4:$O$300,2,FALSE) -> #N/A | K89: 35985 | L89: =VLOOKUP($K89,$O$4:$P$310,2,FALSE) -> 윤소영 | N89: 박서안 | O89: 33035 | P89: 박서안
A90: 87 | B90: 010-3683-5983 | C90: 25104 | D90: 박나현 | E90: 49 | I90: =VLOOKUP($H90,$N$4:$O$300,2,FALSE) -> #N/A | K90: 35991 | L90: =VLOOKUP($K90,$O$4:$P$310,2,FALSE) -> 이수민 | N90: 박성민 | O90: 35982 | P90: 박성민
A91: 88 | B91: 010-3425-0802 | C91: 38884 | D91: 박민준 | E91: 41 | I91: =VLOOKUP($H91,$N$4:$O$300,2,FALSE) -> #N/A | K91: 36011 | L91: =VLOOKUP($K91,$O$4:$P$310,2,FALSE) -> 김현우 | N91: 박수석 | O91: 36065 | P91: 박수석
A92: 89 | B92: 010-2710-7433 | C92: 45140 | D92: 박민철 | E92: 51 | I92: =VLOOKUP($H92,$N$4:$O$300,2,FALSE) -> #N/A | K92: 36019 | L92: =VLOOKUP($K92,$O$4:$P$310,2,FALSE) -> 이재욱 | N92: 박예진 | O92: 36665 | P92: 박예진
A93: 90 | B93: 010-7371-3433 | C93: 25266 | D93: 박산들 | E93: 46 | I93: =VLOOKUP($H93,$N$4:$O$300,2,FALSE) -> #N/A | K93: 36029 | L93: =VLOOKUP($K93,$O$4:$P$310,2,FALSE) -> 김승원 | N93: 박윤정 | O93: 45061 | P93: 박윤정
A94: 91 | B94: 010-9550-2571 | C94: 33035 | D94: 박서안 | E94: 51 | I94: =VLOOKUP($H94,$N$4:$O$300,2,FALSE) -> #N/A | K94: 36046 | L94: =VLOOKUP($K94,$O$4:$P$310,2,FALSE) -> 김민기 | N94: 박인혜 | O94: 35192 | P94: 박인혜
A95: 92 | B95: 010-5544-4032 | C95: 35982 | D95: 박성민 | E95: 50 | I95: =VLOOKUP($H95,$N$4:$O$300,2,FALSE) -> #N/A | K95: 36049 | L95: =VLOOKUP($K95,$O$4:$P$310,2,FALSE) -> 정이든 | N95: 박정민 | O95: 45081 | P95: 박정민
A96: 93 | B96: 010-5172-1298 | C96: 36065 | D96: 박수석 | E96: 51 | I96: =VLOOKUP($H96,$N$4:$O$300,2,FALSE) -> #N/A | K96: 36053 | L96: =VLOOKUP($K96,$O$4:$P$310,2,FALSE) -> 조서원 | N96: 박정환 | O96: 28713 | P96: 박정환
A97: 94 | B97: 010-2770-9032 | C97: 32848 | D97: 박연지 | E97: 49 | I97: =VLOOKUP($H97,$N$4:$O$300,2,FALSE) -> #N/A | K97: 36056 | L97: =VLOOKUP($K97,$O$4:$P$310,2,FALSE) -> 김유민 | N97: 박준영 | O97: 36000 | P97: 박준영
A98: 95 | B98: 010-5476-5445 | C98: 36665 | D98: 박예진 | E98: 36 | I98: =VLOOKUP($H98,$N$4:$O$300,2,FALSE) -> #N/A | K98: 36062 | L98: =VLOOKUP($K98,$O$4:$P$310,2,FALSE) -> 장민지 | N98: 박준우 | O98: 24270 | P98: 박준우
A99: 96 | B99: 010-5693-2611 | C99: 45061 | D99: 박윤정 | E99: 51 | I99: =VLOOKUP($H99,$N$4:$O$300,2,FALSE) -> #N/A | K99: 36066 | L99: =VLOOKUP($K99,$O$4:$P$310,2,FALSE) -> 정원식 | N99: 박준형 | O99: 32684 | P99: 박준형
A100: 97 | B100: 010-9831-1615 | C100: 35192 | D100: 박인혜 | E100: 37 | I100: =VLOOKUP($H100,$N$4:$O$300,2,FALSE) -> #N/A | K100: 36073 | L100: =VLOOKUP($K100,$O$4:$P$310,2,FALSE) -> 정애림 | N100: 박지호 | O100: 28679 | P100: 박지호
... A111: 108 | B111: 010-8922-6570 | C111: 41268 | D111: 박혜주 | E111: 52 | I111: =VLOOKUP($H111,$N$4:$O$300,2,FALSE) -> #N/A | K111: 36178 | L111: =VLOOKUP($K111,$O$4:$P$310,2,FALSE) -> 김예원A | N111: 배혜빈 | O111: 45130 | P111: 배혜빈
A112: 109 | B112: 010-5715-9067 | C112: 31278 | D112: 박회근 | I112: =VLOOKUP($H112,$N$4:$O$300,2,FALSE) -> #N/A | K112: 36451 | L112: =VLOOKUP($K112,$O$4:$P$310,2,FALSE) -> 김승연
A113: 110 | B113: 010-4873-5891 | C113: 45046 | D113: 방민호 | E113: 51 | I113: =VLOOKUP($H113,$N$4:$O$300,2,FALSE) -> #N/A | K113: 36718 | L113: =VLOOKUP($K113,$O$4:$P$310,2,FALSE) -> 김아현 | N113: 서보영 | O113: 32837 | P113: 서보영
A114: 111 | B114: 010-6886-9767 | C114: 22838 | D114: 배민재 | E114: 44 | I114: =VLOOKUP($H114,$N$4:$O$300,2,FALSE) -> #N/A | K114: 37133 | L114: =VLOOKUP($K114,$O$4:$P$310,2,FALSE) -> 권성준 | N114: 서아희 | O114: 36168 | P114: 서아희
A115: 112 | B115: 010-2597-5267 | C115: 28692 | D115: 배석현 | E115: 51 | I115: =VLOOKUP($H115,$N$4:$O$300,2,FALSE) -> #N/A | K115: 37134 | L115: =VLOOKUP($K115,$O$4:$P$310,2,FALSE) -> 김동규 | N115: 서효원 | O115: 22578 | P115: 서효원
B116: 010-3068-1227 | C116: 36165 | D116: 배인영 | E116: 51 | I116: =VLOOKUP($H116,$N$4:$O$300,2,FALSE) -> #N/A | K116: 37313 | L116: =VLOOKUP($K116,$O$4:$P$310,2,FALSE) -> 남동현 | N116: 서희주 | O116: 45068 | P116: 서희주
A117: 114 | B117: 010-7604-3233 | C117: 45130 | D117: 배혜빈 | E117: 52 | I117: =VLOOKUP($H117,$N$4:$O$300,2,FALSE) -> #N/A | K117: 39542 | L117: =VLOOKUP($K117,$O$4:$P$310,2,FALSE) -> 이동언 | N117: 손승효 | O117: 24384 | P117: 손승효
A118: 115 | B118: 010-8543-7876 | C118: 32837 | D118: 서보영 | E118: 51 | I118: =VLOOKUP($H118,$N$4:$O$300,2,FALSE) -> #N/A | K118: 39615 | L118: =VLOOKUP($K118,$O$4:$P$310,2,FALSE) -> 홍준석 | N118: 손아림 | O118: 41376 | P118: 손아림
A119: 116 | B119: 010-2898-3531 | C119: 36168 | D119: 서아희 | E119: 51 | I119: =VLOOKUP($H119,$N$4:$O$300,2,FALSE) -> #N/A | K119: 4 4 4 | L119: =VLOOKUP($K119,$O$4:$P$310,2,FALSE) -> #N/A | N119: 손영현 | O119: 36137 | P119: 손영현
A120: 117 | B120: 010-6310-0761 | C120: 22578 | D120: 서효원 | E120: 일반생 | I120: =VLOOKUP($H120,$N$4:$O$300,2,FALSE) -> #N/A | K120: 41249 | L120: =VLOOKUP($K120,$O$4:$P$310,2,FALSE) -> 전현우 | N120: 손원희 | O120: 41369 | P120: 손원희
A121: 118 | B121: 010-8254-4768 | C121: 45068 | D121: 서희주 | E121: 51 | I121: =VLOOKUP($H121,$N$4:$O$300,2,FALSE) -> #N/A | K121: 41252 | L121: =VLOOKUP($K121,$O$4:$P$310,2,FALSE) -> 김하은 | N121: 손한규 | O121: 41402 | P121: 손한규
A122: 119 | B122: 010-5279-9325 | C122: 24384 | D122: 손승효 | E122: 46 | I122: =VLOOKUP($H122,$N$4:$O$300,2,FALSE) -> #N/A | K122: 41254 | L122: =VLOOKUP($K122,$O$4:$P$310,2,FALSE) -> 송승아 | N122: 송수민 | O122: 45083 | P122: 송수민
A123: 120 | B123: 010-3752-5223 | C123: 41376 | D123: 손아림 | E123: 52 | I123: =VLOOKUP($H123,$N$4:$O$300,2,FALSE) -> #N/A | K123: 41266 | L123: =VLOOKUP($K123,$O$4:$P$310,2,FALSE) -> 남규혁 | N123: 송승아 | O123: 41254 | P123: 송승아
A124: 121 | B124: 010-5568-4565 | C124: 36137 | D124: 손영현 | E124: 51 | I124: =VLOOKUP($H124,$N$4:$O$300,2,FALSE) -> #N/A | K124: 41268 | L124: =VLOOKUP($K124,$O$4:$P$310,2,FALSE) -> 박혜주 | N124: 송영서 | O124: 28722 | P124: 송영서
A125: 122 | B125: 010-3179-6374 | C125: 41369 | D125: 손원희 | E125: 52 | I125: =VLOOKUP($H125,$N$4:$O$300,2,FALSE) -> #N/A | K125: 41273 | L125: =VLOOKUP($K125,$O$4:$P$310,2,FALSE) -> 고윤솔 | N125: 송치원 | O125: 45053 | P125: 송치원
A126: 123 | B126: 010-9264-1565 | C126: 41402 | D126: 손한규 | E126: 52 | I126: =VLOOKUP($H126,$N$4:$O$300,2,FALSE) -> #N/A | K126: 41274 | L126: =VLOOKUP($K126,$O$4:$P$310,2,FALSE) -> 장재명 | N126: 시민경 | O126: 41455 | P126: 시민경
A127: 124 | B127: 010-6372-4635 | C127: 45083 | D127: 송수민 | E127: 51 | I127: =VLOOKUP($H127,$N$4:$O$300,2,FALSE) -> #N/A | K127: 41276 | L127: =VLOOKUP($K127,$O$4:$P$310,2,FALSE) -> 황다희 | N127: 신승규 | O127: 43253 | P127: 신승규
A128: 125 | B128: 010-5760-5576 | C128: 41254 | D128: 송승아 | E128: 52 | I128: =VLOOKUP($H128,$N$4:$O$300,2,FALSE) -> #N/A | K128: 41280 | L128: =VLOOKUP($K128,$O$4:$P$310,2,FALSE) -> 김무준 | N128: 신희정 | O128: 36148 | P128: 신희정
A129: 126 | B129: 010-9592-9298 | C129: 28722 | D129: 송영서 | E129: 52 | I129: =VLOOKUP($H129,$N$4:$O$300,2,FALSE) -> #N/A | K129: 41283 | L129: =VLOOKUP($K129,$O$4:$P$310,2,FALSE) -> 권태현 | N129: 심동섭 | O129: 45049 | P129: 심동섭
A130: 127 | B130: 010-8670-7566 | C130: 45053 | D130: 송치원 | E130: 51 | I130: =VLOOKUP($H130,$N$4:$O$300,2,FALSE) -> #N/A | K130: 41284 | L130: =VLOOKUP($K130,$O$4:$P$310,2,FALSE) -> 김규리A | N130: 심희은 | O130: 36111 | P130: 심희은
A131: 128 | B131: 010-5147-5072 | C131: 41455 | D131: 시민경 | E131: 52 | I131: =VLOOKUP($H131,$N$4:$O$300,2,FALSE) -> #N/A | K131: 41310 | L131: =VLOOKUP($K131,$O$4:$P$310,2,FALSE) -> 김지윤A | N131: 안다은 | O131: 41387 | P131: 안다은
A132: 129 | B132: 010-4036-7667 | C132: 43253 | D132: 신승규 | E132: 49 | I132: =VLOOKUP($H132,$N$4:$O$300,2,FALSE) -> #N/A | K132: 41323 | L132: =VLOOKUP($K132,$O$4:$P$310,2,FALSE) -> 이정빈 | N132: 안동건 | O132: 36136 | P132: 안동건
... A145: 142 | B145: 010-5039-5355 | C145: 32026 | D145: 오상수 | E145: 27 | I145: =VLOOKUP($H145,$N$4:$O$300,2,FALSE) -> #N/A | K145: 41369 | L145: =VLOOKUP($K145,$O$4:$P$310,2,FALSE) -> 손원희 | N145: 유성윤 | O145: 28719 | P145: 유성윤
A146: 143 | B146: 010-9136-1870 | C146: 36028 | D146: 오예찬 | E146: 설명회 | I146: =VLOOKUP($H146,$N$4:$O$300,2,FALSE) -> #N/A | K146: 41370 | L146: =VLOOKUP($K146,$O$4:$P$310,2,FALSE) -> #N/A | N146: 유해강 | O146: 26657 | P146: 유해강
A147: 144 | B147: 010-8609-5277 | C147: 28747 | D147: 오현기 | E147: 52 | I147: =VLOOKUP($H147,$N$4:$O$300,2,FALSE) -> #N/A | K147: 41371 | L147: =VLOOKUP($K147,$O$4:$P$310,2,FALSE) -> 한준희 | N147: 유현민 | O147: 22576 | P147: 유현민
A148: 145 | B148: 010-5024-2444 | C148: 25113 | D148: 우병찬 | E148: 46 | I148: =VLOOKUP($H148,$N$4:$O$300,2,FALSE) -> #N/A | K148: 41372 | L148: =VLOOKUP($K148,$O$4:$P$310,2,FALSE) -> 전해람 | N148: 윤대현 | O148: 28702 | P148: 윤대현
A149: 146 | B149: 010-2810-1899 | C149: 45088 | D149: 우지원 | E149: 51 | I149: =VLOOKUP($H149,$N$4:$O$300,2,FALSE) -> #N/A | K149: 41373 | L149: =VLOOKUP($K149,$O$4:$P$310,2,FALSE) -> 이진수 | N149: 윤소영 | O149: 35985 | P149: 윤소영
A150: 147 | B150: 010-4738-5283 | C150: 28686 | D150: 원예정 | E150: 51 | I150: =VLOOKUP($H150,$N$4:$O$300,2,FALSE) -> #N/A | K150: 41374 | L150: =VLOOKUP($K150,$O$4:$P$310,2,FALSE) -> 이규호 | N150: 윤수빈 | O150: 45122 | P150: 윤수빈
A151: 148 | B151: 010-7282-4860 | C151: 26713 | D151: 유다경 | E151: 51 | I151: =VLOOKUP($H151,$N$4:$O$300,2,FALSE) -> #N/A | K151: 41375 | L151: =VLOOKUP($K151,$O$4:$P$310,2,FALSE) -> 김찬엽 | N151: 윤정원 | O151: 41342 | P151: 윤정원
A152: 149 | B152: 010-7470-2747 | C152: 41512 | D152: 유서범 | E152: 52 | I152: =VLOOKUP($H152,$N$4:$O$300,2,FALSE) -> #N/A | K152: 41376 | L152: =VLOOKUP($K152,$O$4:$P$310,2,FALSE) -> 손아림 | N152: 윤종녕 | O152: 28689 | P152: 윤종녕
A153: 150 | B153: 010-8768-5920 | C153: 28719 | D153: 유성윤 | E153: 52 | I153: =VLOOKUP($H153,$N$4:$O$300,2,FALSE) -> #N/A | K153: 41378 | L153: =VLOOKUP($K153,$O$4:$P$310,2,FALSE) -> 임세현 | N153: 윤현진 | O153: 36145 | P153: 윤현진
A154: 151 | B154: 010-2012-2467 | C154: 26657 | D154: 유해강 | E154: 52 | I154: =VLOOKUP($H154,$N$4:$O$300,2,FALSE) -> #N/A | K154: 41379 | L154: =VLOOKUP($K154,$O$4:$P$310,2,FALSE) -> 이정민 | N154: 이가은 | O154: 28731 | P154: 이가은
A155: 152 | B155: 010-5020-0288 | C155: 22576 | D155: 유현민 | E155: 49 | I155: =VLOOKUP($H155,$N$4:$O$300,2,FALSE) -> #N/A | K155: 41382 | L155: =VLOOKUP($K155,$O$4:$P$310,2,FALSE) -> 곽정민 | N155: 이건영 | O155: 20563 | P155: 이건영
A156: 153 | B156: 010-2788-3781 | C156: 28702 | D156: 윤대현 | E156: 51 | I156: =VLOOKUP($H156,$N$4:$O$300,2,FALSE) -> #N/A | K156: 41387 | L156: =VLOOKUP($K156,$O$4:$P$310,2,FALSE) -> 안다은 | N156: 이경훈 | O156: 41258 | P156: 이경훈
A157: 154 | B157: 010-4799-4510 | C157: 35985 | D157: 윤소영 | E157: 50 | I157: =VLOOKUP($H157,$N$4:$O$300,2,FALSE) -> #N/A | K157: 41388 | L157: =VLOOKUP($K157,$O$4:$P$310,2,FALSE) -> 최승호 | N157: 이광훈 | O157: 32423 | P157: 이광훈
A158: 155 | B158: 010-2555-8280 | C158: 45122 | D158: 윤수빈 | E158: 51 | I158: =VLOOKUP($H158,$N$4:$O$300,2,FALSE) -> #N/A | K158: 41394 | L158: =VLOOKUP($K158,$O$4:$P$310,2,FALSE) -> 정재훈 | N158: 이규호 | O158: 41374 | P158: 이규호
... A167: 164 | B167: 010-4090-9464 | C167: 22606 | D167: 이근혁 | E167: 49 | I167: =VLOOKUP($H167,$N$4:$O$300,2,FALSE) -> #N/A | K167: 41490 | L167: =VLOOKUP($K167,$O$4:$P$310,2,FALSE) -> 김대호A | N167: 이수왕 | O167: 36420 | P167: 이수왕
A168: 165 | B168: 010-9400-5602 | C168: 26649 | D168: 이나영 | E168: 일반생 | I168: =VLOOKUP($H168,$N$4:$O$300,2,FALSE) -> #N/A | K168: 41492 | L168: =VLOOKUP($K168,$O$4:$P$310,2,FALSE) -> 김민석 | N168: 이수진 | O168: 36263 | P168: 이수진
A169: 166 | B169: 010-9959-5450 | C169: 26575 | D169: 이동건 | E169: 49 | I169: =VLOOKUP($H169,$N$4:$O$300,2,FALSE) -> #N/A | K169: 41494 | L169: =VLOOKUP($K169,$O$4:$P$310,2,FALSE) -> 김수민 | N169: 이승향 | O169: 24108 | P169: 이승향
A170: 167 | B170: 010-2832-4778 | C170: 21889 | D170: 이동근 | E170: 43 | I170: =VLOOKUP($H170,$N$4:$O$300,2,FALSE) -> #N/A | K170: 42681 | L170: =VLOOKUP($K170,$O$4:$P$310,2,FALSE) -> 정운주 | N170: 이승호 | O170: 41331 | P170: 이승호
A171: 168 | B171: 010-9483-9601 | C171: 39542 | D171: 이동언 | E171: 18 | I171: =VLOOKUP($H171,$N$4:$O$300,2,FALSE) -> #N/A | K171: 43253 | L171: =VLOOKUP($K171,$O$4:$P$310,2,FALSE) -> 신승규 | N171: 이신영 | O171: 31472 | P171: 이신영
A172: 169 | B172: 010-6306-2972 | C172: 41330 | D172: 이동훈 | E172: 52 | I172: =VLOOKUP($H172,$N$4:$O$300,2,FALSE) -> #N/A | K172: 43354 | L172: =VLOOKUP($K172,$O$4:$P$310,2,FALSE) -> 구민상 | N172: 이영승 | O172: 32808 | P172: 이영승
A173: 170 | B173: 010-4761-8202 | C173: 25024 | D173: 이민주 | E173: 49 | I173: =VLOOKUP($H173,$N$4:$O$300,2,FALSE) -> #N/A | K173: 45038 | L173: =VLOOKUP($K173,$O$4:$P$310,2,FALSE) -> 최시영 | N173: 이영준 | O173: 32878 | P173: 이영준
A174: 171 | B174: 010-3240-2721 | C174: 32655 | D174: 이상민 | E174: 49 | I174: =VLOOKUP($H174,$N$4:$O$300,2,FALSE) -> #N/A | K174: 45043 | L174: =VLOOKUP($K174,$O$4:$P$310,2,FALSE) -> 김이레 | N174: 이용훈 | O174: 31839 | P174: 이용훈
A175: 172 | B175: 010-4027-1550 | C175: 39058 | D175: 이상훈 | E175: 40 | I175: =VLOOKUP($H175,$N$4:$O$300,2,FALSE) -> #N/A | K175: 45046 | L175: =VLOOKUP($K175,$O$4:$P$310,2,FALSE) -> 방민호 | N175: 이윤제 | O175: 45078 | P175: 이윤제
A176: 173 | B176: 010-4832-1058 | C176: 32656 | D176: 이서빈 | E176: 49 | I176: =VLOOKUP($H176,$N$4:$O$300,2,FALSE) -> #N/A | K176: 45053 | L176: =VLOOKUP($K176,$O$4:$P$310,2,FALSE) -> 송치원 | N176: 이인호 | O176: 41359 | P176: 이인호
A177: 174 | B177: 010-5103-5724 | C177: 25343 | D177: 이소정 | E177: 47 | I177: =VLOOKUP($H177,$N$4:$O$300,2,FALSE) -> #N/A | K177: 45057 | L177: =VLOOKUP($K177,$O$4:$P$310,2,FALSE) -> 양준서 | N177: 이재욱 | O177: 36019 | P177: 이재욱
A178: 175 | B178: 010-8946-3155 | C178: 35991 | D178: 이수민 | E178: 50 | I178: =VLOOKUP($H178,$N$4:$O$300,2,FALSE) -> #N/A | K178: 45061 | L178: =VLOOKUP($K178,$O$4:$P$310,2,FALSE) -> 박윤정 | N178: 이정민 | O178: 41379 | P178: 이정민
A179: 176 | B179: 010-2778-8449 | C179: 36420 | D179: 이수왕 | E179: 35 | I179: =VLOOKUP($H179,$N$4:$O$300,2,FALSE) -> #N/A | K179: 45062 | L179: =VLOOKUP($K179,$O$4:$P$310,2,FALSE) -> 김건형 | N179: 이정빈 | O179: 41323 | P179: 이정빈
A180: 177 | B180: 010-2066-0513 | C180: 36263 | D180: 이수진 | E180: 34 | I180: =VLOOKUP($H180,$N$4:$O$300,2,FALSE) -> #N/A | K180: 45064 | L180: =VLOOKUP($K180,$O$4:$P$310,2,FALSE) -> 김다빈A | N180: 이정연A | O180: 35414 | P180: 이정연A
... A196: 193 | B196: 010-5879-2926 | C196: 49853 | D196: 이준섭 | E196: 52 | I196: =VLOOKUP($H196,$N$4:$O$300,2,FALSE) -> #N/A | K196: 35951 | L196: =VLOOKUP($K196,$O$4:$P$310,2,FALSE) -> 문기환 | N196: 장성민 | O196: 26599 | P196: 장성민
...

Sheet 1주차
A2: 1주차 | AA2: =AC2&"(라)" -> (라) | AB2: 라이브
A4: 헌법 | F4: 형소법 | K4: 형법 | P4: 경찰학 | U4: 주간_앞
A5: 46028 | F5: 46029 | K5: 46031 | P5: 46034
A7: 번호 | B7: 성명 | C7: 객관식 | D7: V.T | F7: 번호 | G7: 성명 | H7: 객관식 | I7: V.T. | K7: 번호 | L7: 성명 | M7: 객관식 | N7: V.T | P7: 번호 | Q7: 성명 | R7: 객관식 | S7: V.T | U7: 번호 | V7: 성명 | W7: 앞면
A8: 18821 | B8: 최원석 | C8: 95 | F8: 41402 | G8: 손한규 | H8: 사유 | K8: 41402 | L8: 손한규 | M8: 사유 | P8: 41402 | Q8: 손한규 | R8: 사유 | S8: 사유
A9: 21889 | B9: 이동근 | C9: 80 | F9: 41361 | G9: 김정윤 | H9: 사유 | K9: 41361 | L9: 김정윤 | M9: 사유 | P9: 41361 | Q9: 김정윤 | R9: 사유 | S9: 사유
A10: 22569 | B10: 김민규 | C10: 80 | F10: 41359 | G10: 이인호 | H10: 사유 | K10: 41359 | L10: 이인호 | M10: 사유
A11: 22576 | B11: 유현민 | C11: 80 | F11: 28690 | G11: 김영서 | H11: 사유 | K11: 28690 | L11: 김영서 | M11: 사유
A12: 22583 | B12: 김동건 | C12: 80 | F12: 18821 | G12: 최원석 | H12: 95 | K12: 28731 | L12: 이가은 | M12: 사유 | P12: 18821 | Q12: 최원석 | R12: 90 | S12: 100
A13: 22594 | B13: 임진수 | C13: 60 | F13: 21889 | G13: 이동근 | H13: 95 | K13: 26599 | L13: 장성민 | M13: 75 | P13: 21889 | Q13: 이동근 | R13: 95 | S13: 90
A14: 22606 | B14: 이근혁 | C14: 90 | F14: 22569 | G14: 김민규 | H14: 95 | K14: 45070 | L14: 조재준 | M14: 90 | P14: 22569 | Q14: 김민규 | R14: 85 | S14: 80
A15: 22838 | B15: 배민재 | C15: 90 | F15: 22583 | G15: 김동건 | H15: 75 | K15: 18821 | L15: 최원석 | M15: 90 | P15: 22573 | Q15: 문진서 | R15: 100 | S15: 90
A16: 23915 | B16: 김수빈 | C16: 40 | F16: 22594 | G16: 임진수 | H16: 90 | K16: 22569 | L16: 김민규 | M16: 95 | P16: 22576 | Q16: 유현민 | R16: 90 | S16: 90
A17: 24108 | B17: 이승향 | C17: 40 | F17: 22606 | G17: 이근혁 | H17: 95 | K17: 22573 | L17: 문진서 | M17: 85 | P17: 22583 | Q17: 김동건 | R17: 80 | S17: 80
A18: 24270 | B18: 박준우 | C18: 65 | F18: 22838 | G18: 배민재 | H18: 75 | K18: 22583 | L18: 김동건 | M18: 85 | P18: 22594 | Q18: 임진수 | R18: 60 | S18: 50
A19: 25054 | B19: 정민겸 | C19: 95 | F19: 23915 | G19: 김수빈 | H19: 60 | K19: 22594 | L19: 임진수 | M19: 80 | P19: 22606 | Q19: 이근혁 | R19: 90 | S19: 100
A20: 25104 | B20: 박나현 | C20: 85 | F20: 24108 | G20: 이승향 | H20: 55 | K20: 23915 | L20: 김수빈 | M20: 65 | P20: 22838 | Q20: 배민재 | R20: 95 | S20: 90
A21: 25238 | B21: 김수진 | C21: 85 | F21: 24270 | G21: 박준우 | H21: 80 | K21: 24108 | L21: 이승향 | M21: 35 | P21: 23915 | Q21: 김수빈 | R21: 40 | S21: 60
A22: 25266 | B22: 박산들 | C22: 95 | F22: 25054 | G22: 정민겸 | H22: 100 | K22: 24270 | L22: 박준우 | M22: 60 | P22: 24108 | Q22: 이승향 | R22: 35 | S22: 50
A23: 25316 | B23: 최원철 | C23: 90 | F23: 25104 | G23: 박나현 | H23: 95 | K23: 25054 | L23: 정민겸 | M23: 100 | P23: 24270 | Q23: 박준우 | R23: 55 | S23: 70
A24: 26455 | B24: 양소은 | C24: 90 | F24: 25225 | G24: 박준우 | H24: 30 | K24: 25104 | L24: 박나현 | M24: 95 | P24: 24384 | Q24: 손승효 | R24: 95 | S24: 80
... A55: 31839 | B55: 이용훈 | C55: 70 | F55: 28731 | G55: 이가은 | H55: 45 | K55: 28747 | L55: 오현기 | M55: 65 | P55: 28720 | Q55: 기지민 | R55: 80 | S55: 100
A56: 31841 | B56: 공초연 | C56: 85 | F56: 28744 | G56: 박현빈 | H56: 45 | K56: 30598 | M56: 90 | P56: 28722 | Q56: 송영서 | R56: 85 | S56: 100
A57: 32026 | B57: 오상수 | C57: 90 | F57: 28747 | G57: 오현기 | H57: 90 | K57: 31374 | L57: 이규호 | M57: 50 | P57: 28727 | Q57: 노현학 | R57: 55 | S57: 100
A58: 32423 | B58: 이광훈 | C58: 80 | F58: 31794 | G58: 최민 | H58: 95 | K58: 31794 | L58: 최민 | M58: 75 | P58: 28731 | Q58: 이가은 | R58: 85 | S58: 80
A59: 32656 | B59: 이서빈 | C59: 60 | F59: 31797 | G59: 김예원 | H59: 95 | K59: 31797 | L59: 김예원 | M59: 95 | P59: 28744 | Q59: 현빈 | R59: 10 | S59: 0
A60: 32657 | B60: 김한비 | C60: 75 | F60: 31836 | G60: 황도현 | H60: 50 | K60: 31839 | L60: 이용훈 | M60: 90 | P60: 28747 | R60: 50 | S60: 80
A61: 32660 | B61: 김지우 | C61: 70 | F61: 31839 | G61: 이용훈 | H61: 95 | K61: 32423 | L61: 이광훈 | M61: 90 | P61: 31794 | Q61: 최민 | R61: 85 | S61: 70
A62: 32664 | B62: 조철희 | C62: 95 | F62: 32423 | G62: 이광훈 | H62: 85 | K62: 32656 | L62: 이서빈 | M62: 100 | P62: 31797 | Q62: 김예원 | R62: 90 | S62: 90
A63: 32676 | B63: 이종화 | C63: 95 | F63: 32656 | G63: 이서빈 | H63: 100 | K63: 32657 | L63: 김한비 | M63: 80 | P63: 31839 | Q63: 이용훈 | R63: 90 | S63: 90
A64: 32677 | B64: 김윤서 | C64: 70 | F64: 32657 | G64: 김한비 | H64: 90 | K64: 32660 | L64: 김지우 | M64: 75 | P64: 32423 | Q64: 이광훈 | R64: 80 | S64: 50
A65: 32684 | B65: 박준형 | C65: 90 | F65: 32660 | G65: 김지우 | H65: 75 | K65: 32676 | L65: 이종화 | M65: 95 | P65: 32647 | Q65: 정원준 | R65: 70 | S65: 80
A66: 32689 | B66: 이효민 | C66: 75 | F66: 32664 | G66: 조철희 | H66: 95 | K66: 32677 | L66: 김윤서 | M66: 90 | P66: 32656 | Q66: 이서빈 | R66: 80 | S66: 100
A67: 32807 | B67: 장윤정 | C67: 60 | F67: 32676 | G67: 이종화 | H67: 100 | K67: 32684 | L67: 박준형 | M67: 80 | P67: 32657 | Q67: 김한비 | R67: 85 | S67: 70
A68: 32808 | B68: 이영승 | C68: 75 | F68: 32677 | G68: 김윤서 | H68: 85 | K68: 32689 | L68: 이효민 | M68: 95 | P68: 32660 | Q68: 김지우 | R68: 95 | S68: 70
A69: 32828 | B69: 곽민지 | C69: 85 | F69: 32684 | G69: 박준형 | H69: 95 | K69: 32807 | L69: 장윤정 | M69: 55 | P69: 32664 | Q69: 조철희 | R69: 90 | S69: 100
A70: 32832 | B70: 안동규 | C70: 75 | F70: 32689 | G70: 이효민 | H70: 95 | K70: 32808 | L70: 이얭승 | M70: 75 | P70: 32676 | Q70: 이종화 | R70: 100 | S70: 100
A71: 32833 | B71: 강민수 | C71: 100 | F71: 32807 | G71: 장윤정 | H71: 75 | K71: 32828 | L71: 곽민지 | M71: 85 | P71: 32677 | Q71: 김윤서 | R71: 75 | S71: 70
A72: 32837 | B72: 서보영 | C72: 95 | F72: 32808 | G72: 이영승 | H72: 65 | K72: 32832 | L72: 안동규 | M72: 95 | P72: 32684 | Q72: 박준형 | R72: 100 | S72: 80
... A89: 36019 | B89: 이재욱 | C89: 100 | F89: 35192 | G89: 박인혜 | H89: 70 | K89: 35980 | L89: 김시온 | M89: 100 | P89: 33717 | Q89: 최상덕 | R89: 40 | S89: 80
A90: 36023 | C90: 70 | F90: 35362 | G90: 정명수 | H90: 55 | K90: 35985 | L90: 윤소영 | M90: 100 | P90: 34568 | Q90: 이주성 | R90: 90 | S90: 90
A91: 36029 | B91: 김승원 | C91: 90 | F91: 35414 | G91: 이정연 | H91: 95 | K91: 35991 | L91: 이수민 | M91: 85 | P91: 34684 | Q91: 강민재 | R91: 85 | S91: 80
A92: 36046 | B92: 김민기 | C92: 80 | F92: 35971 | G92: 김혜연 | H92: 95 | K92: 36011 | L92: 김현우 | M92: 80 | P92: 35192 | Q92: 박인혜 | R92: 75 | S92: 90
A93: 36049 | B93: 정이든 | C93: 55 | F93: 35980 | G93: 김시온 | H93: 95 | K93: 36019 | L93: 이재욱 | M93: 100 | P93: 35362 | Q93: 정명수 | R93: 55 | S93: 90
A94: 36053 | B94: 조서원 | C94: 80 | F94: 35982 | G94: 박성민 | H94: 80 | K94: 36029 | L94: 김승원 | M94: 100 | P94: 35414 | Q94: 이정연 | R94: 80 | S94: 80
A95: 36062 | B95: 장민지 | C95: 90 | F95: 35985 | G95: 윤소영 | H95: 100 | K95: 36046 | L95: 김민기 | M95: 100 | P95: 35971 | Q95: 김혜연 | R95: 100 | S95: 90
A96: 36065 | B96: 박수석 | C96: 80 | F96: 35991 | G96: 이수민 | H96: 80 | K96: 36049 | L96: 정이든 | M96: 45 | P96: 35980 | Q96: 김시온 | R96: 100 | S96: 70
A97: 36073 | B97: 정애림 | C97: 90 | F97: 36011 | G97: 김현우 | H97: 90 | K97: 36053 | L97: 조서원 | M97: 100 | P97: 35985 | Q97: 윤소영 | R97: 100 | S97: 90
A98: 36103 | B98: 김건희 | C98: 70 | F98: 36019 | G98: 이재욱 | H98: 100 | K98: 36056 | L98: 김유민 | M98: 100 | P98: 35991 | Q98: 이수민 | R98: 70 | S98: 50
A99: 36106 | B99: 김민진 | C99: 80 | F99: 36023 | H99: 95 | K99: 36062 | L99: 장민지 | M99: 95 | P99: 36011 | Q99: 김현우 | R99: 75 | S99: 90
A100: 36111 | B100: 심희은 | C100: 65 | F100: 36029 | G100: 김승원 | H100: 85 | K100: 36063 | L100: 김진표 | M100: 85 | P100: 36019 | Q100: 이재욱 | R100: 100 | S100: 100
A101: 36132 | B101: 최세나 | C101: 80 | F101: 36046 | G101: 김민기 | H101: 85 | K101: 36065 | L101: 박수석 | M101: 90 | P101: 36029 | Q101: 김승원 | R101: 90 | S101: 100
A102: 36136 | B102: 안동건 | C102: 25 | F102: 36049 | G102: 정이든 | H102: 70 | K102: 36066 | L102: 정원식 | M102: 65 | P102: 36046 | Q102: 김민기 | R102: 85 | S102: 100
A103: 36137 | B103: 손영현 | C103: 85 | F103: 36053 | G103: 조서원 | H103: 95 | K103: 36073 | L103: 정애림 | M103: 100 | P103: 36049 | Q103: 정이든 | R103: 45 | S103: 100
A104: 36140 | B104: 최유민 | C104: 80 | F104: 36056 | G104: 김유민 | H104: 95 | K104: 36103 | L104: 김건희 | M104: 60 | P104: 36053 | Q104: 조서원 | R104: 100 | S104: 100
A105: 36141 | B105: 권경희 | C105: 95 | F105: 36062 | G105: 장민지 | H105: 90 | K105: 36106 | L105: 김민진 | M105: 95 | P105: 36056 | Q105: 김유민 | R105: 95 | S105: 90
A106: 36148 | B106: 신희정 | C106: 75 | F106: 36063 | G106: 김진표 | H106: 85 | K106: 36111 | L106: 심희은 | M106: 70 | P106: 36062 | Q106: 장민지 | R106: 80 | S106: 90
A107: 36165 | B107: 배인영 | C107: 90 | F107: 36065 | G107: 박수석 | H107: 80 | K107: 36132 | L107: 최세나 | M107: 90 | P107: 36066 | Q107: 정원식 | R107: 70 | S107: 80
A108: 36170 | B108: 박현진 | C108: 80 | F108: 36066 | G108: 정원식 | H108: 55 | K108: 36136 | L108: 안동건 | M108: 30 | P108: 36073 | Q108: 정애림 | R108: 100 | S108: 100
A109: 36178 | B109: 김예원 | C109: 70 | F109: 36073 | G109: 정애림 | H109: 100 | K109: 36137 | L109: 손영현 | M109: 95 | P109: 36103 | Q109: 김건희 | R109: 75 | S109: 100
A110: 36451 | B110: 김승연 | C110: 75 | F110: 36103 | G110: 김건희 | H110: 65 | K110: 36140 | L110: 최유민 | M110: 100 | P110: 36106 | Q110: 김민진 | R110: 90 | S110: 100
A111: 37133 | B111: 권성준 | C111: 90 | F111: 36106 | G111: 김민진 | H111: 100 | K111: 36141 | L111: 권경희 | M111: 100 | P111: 36111 | Q111: 심희은 | R111: 55 | S111: 70
... A176: 45062 | B176: 김건형 | C176: 90 | F176: 41459 | G176: 김근영 | H176: 50 | K176: 43253 | L176: 신승규 | M176: 95 | P176: 41492 | Q176: 김민석 | R176: 30 | S176: 30
A177: 45064 | B177: 김다빈 | C177: 80 | F177: 41460 | G177: 이채민 | H177: 60 | K177: 43354 | M177: 50 | P177: 41494 | Q177: 김수민 | R177: 80 | S177: 100
A178: 45066 | B178: 정현우 | C178: 80 | F178: 41487 | G178: 김관희 | H178: 80 | K178: 45038 | L178: 최시영 | M178: 40 | P178: 42681 | Q178: 정운주 | R178: 85 | S178: 100
A179: 45068 | B179: 서희주 | C179: 75 | F179: 41490 | G179: 김대호 | H179: 75 | K179: 45043 | L179: 김이레 | M179: 100 | P179: 43253 | Q179: 신승규 | R179: 80 | S179: 100
A180: 45070 | B180: 조재준 | C180: 90 | F180: 41491 | G180: 김영운 | H180: 0 | K180: 45046 | L180: 방민호 | M180: 100 | P180: 43354 | Q180: 구민상 | R180: 65 | S180: 80
A181: 45078 | B181: 이윤제 | C181: 90 | F181: 41492 | G181: 김민석 | H181: 45 | K181: 45053 | L181: 송치원 | M181: 90 | P181: 45038 | Q181: 최시영 | R181: 60 | S181: 70
A182: 45081 | B182: 박정민 | C182: 95 | F182: 41494 | G182: 김수민 | H182: 80 | K182: 45057 | M182: 70 | P182: 45043 | Q182: 김이레 | R182: 85 | S182: 80
A183: 45083 | B183: 송수민 | C183: 95 | F183: 42681 | G183: 정운주 | H183: 85 | K183: 45061 | L183: 박윤정 | M183: 90 | P183: 45046 | Q183: 방민호 | R183: 95 | S183: 100
A184: 45086 | B184: 박찬호 | C184: 45 | F184: 43354 | G184: 구민상 | H184: 60 | K184: 45062 | L184: 김건형 | M184: 100 | P184: 45053 | Q184: 송치원 | R184: 100 | S184: 100
A185: 45088 | B185: 우지원 | C185: 55 | F185: 45038 | G185: 최시영 | H185: 65 | K185: 45064 | L185: 김다빈 | M185: 95 | P185: 45057 | R185: 60 | S185: 50
A186: 45118 | B186: 조용민 | C186: 55 | F186: 45043 | G186: 김이레 | H186: 100 | K186: 45066 | L186: 정현우 | M186: 85 | P186: 45061 | Q186: 박윤정 | R186: 100 | S186: 100
A187: 45120 | B187: 양수황 | C187: 80 | F187: 45046 | G187: 방민호 | H187: 90 | K187: 45068 | L187: 서희주 | M187: 80 | P187: 45062 | Q187: 김건형 | R187: 95 | S187: 90
A188: 45122 | B188: 윤수빈 | C188: 85 | F188: 45053 | G188: 송치원 | H188: 80 | K188: 45078 | L188: 이윤제 | M188: 75 | P188: 45064 | Q188: 김다빈 | R188: 75 | S188: 90
A189: 45130 | B189: 배혜빈 | C189: 70 | F189: 45057 | G189: 양준서 | H189: 95 | K189: 45080 | L189: 김유선 | M189: 95 | P189: 45066 | Q189: 정현우 | R189: 55 | S189: 60
A190: 45140 | B190: 박민철 | C190: 95 | F190: 45061 | G190: 박윤정 | H190: 95 | K190: 45081 | L190: 박정민 | M190: 100 | P190: 45070 | Q190: 조재준 | R190: 95 | S190: 90
A191: 45278 | B191: 노예빈 | C191: 95 | F191: 45062 | G191: 김건형 | H191: 100 | K191: 45083 | L191: 송수민 | M191: 85 | P191: 45078 | Q191: 이윤제 | R191: 90 | S191: 80
A192: 45551 | B192: 최치원 | C192: 85 | F192: 45064 | G192: 김다빈 | H192: 95 | K192: 45088 | L192: 우지원 | M192: 50 | P192: 45081 | Q192: 박정민 | R192: 95 | S192: 100
A193: 48537 | B193: 전서준 | C193: 80 | F193: 45066 | G193: 정현우 | H193: 90 | K193: 45108 | L193: 김태현 | M193: 40 | P193: 45083 | Q193: 송수민 | R193: 50 | S193: 100
A194: 49853 | B194: 이준섭 | C194: 70 | F194: 45068 | G194: 서희주 | H194: 95 | K194: 45118 | L194: 조용민 | M194: 70 | P194: 45088 | Q194: 우지원 | R194: 30 | S194: 70
A195: 41402 | B195: 손한규 | C195: 사유 | F195: 45070 | G195: 조재준 | H195: 80 | K195: 45120 | L195: 양수황 | M195: 75 | P195: 45108 | Q195: 김태현 | R195: 25 | S195: 70
A196: 41491 | B196: 김영운 | C196: 사유 | F196: 45078 | G196: 이윤제 | H196: 90 | K196: 45122 | L196: 윤수빈 | M196: 95 | P196: 45118 | Q196: 조용민 | R196: 50 | S196: 60
A197: 28744 | B197: 박현빈 | C197: 0 | F197: 45080 | G197: 김유선 | H197: 90 | K197: 45130 | L197: 배혜빈 | M197: 60 | P197: 45120 | Q197: 양수황 | R197: 75 | S197: 60
A198: 20563 | B198: 이건영 | C198: 사유 | F198: 45081 | G198: 박정민 | H198: 100 | K198: 45140 | L198: 박민철 | M198: 100 | P198: 45122 | Q198: 윤수빈 | R198: 70 | S198: 50
A199: 41361 | B199: 김정윤 | C199: 사유 | F199: 45083 | G199: 송수민 | H199: 95 | K199: 45278 | L199: 노예빈 | M199: 100 | P199: 45130 | Q199: 배혜빈 | R199: 70 | S199: 80
A200: 41249 | B200: 전현우 | C200: 사유 | F200: 45088 | G200: 우지원 | H200: 65 | K200: 45551 | L200: 최치원 | M200: 100 | P200: 45140 | Q200: 박민철 | R200: 90 | S200: 100
A201: 41367 | B201: 최가연 | C201: 미수강 | F201: 45108 | G201: 김태현 | H201: 35 | K201: 49853 | L201: 이준섭 | M201: 70 | P201: 45278 | Q201: 노예빈 | R201: 85 | S201: 100
A202: 25024 | B202: 이민주 | C202: 미수강 | F202: 45118 | G202: 조용민 | H202: 75 | K202: 26649 | L202: 이나영 | M202: 미수강 | P202: 45551 | Q202: 최치원 | R202: 100 | S202: 100
A203: 32848 | B203: 박연지 | C203: 미수강 | F203: 45120 | G203: 양수황 | H203: 90 | K203: 41509 | L203: 민원재 | M203: 미수강 | P203: 49853 | Q203: 이준섭 | R203: 60 | S203: 60
A204: 25343 | B204: 이소정 | C204: 미수강 | F204: 45122 | G204: 윤수빈 | H204: 100 | K204: 39058 | L204: 이상훈 | M204: 미수강
A205: 32647 | B205: 정원준 | C205: 미수강 | F205: 45130 | G205: 배혜빈 | H205: 70 | K205: 41512 | L205: 유서범 | M205: 미수강 | P205: 41509 | Q205: 민원재 | R205: 미수강 | S205: 미수강
A206: 31836 | B206: 황도현 | C206: 미수강 | F206: 45140 | G206: 박민철 | H206: 100 | K206: 36071 | L206: 김지윤B | M206: 미수강 | P206: 39058 | Q206: 이상훈 | R206: 미수강 | S206: 미수강
A207: 26649 | B207: 이나영 | C207: 미수강 | F207: 45278 | G207: 노예빈 | H207: 85 | P207: 41512 | Q207: 유서범 | R207: 미수강 | S207: 미수강
A208: 41509 | B208: 민원재 | C208: 미수강 | F208: 45551 | G208: 최치원 | H208: 80 | P208: 36071 | Q208: 김지윤B | R208: 미수강 | S208: 미수강
A209: 39058 | B209: 이상훈 | C209: 미수강 | F209: 49853 | G209: 이준섭 | H209: 70
A210: 41512 | B210: 유서범 | C210: 미수강 | F210: 26649 | G210: 이나영 | H210: 미수강
A211: 36071 | B211: 김지윤B | C211: 미수강 | F211: 41509 | G211: 민원재 | H211: 미수강
F212: 39058 | G212: 이상훈 | H212: 미수강
F213: 41512 | G213: 유서범 | H213: 미수강
...

Sheet 2주차
A2: 2주차 | AM2: =AO2&"(라)" -> (라) | AN2: 라이브
A4: 헌법 | F4: 형소법 | K4: 형법 | P4: 경찰학 | U4: 형법 | Z4: 경찰학 | AF4: 누적
A7: 번호 | B7: 성명 | C7: 객관식 | D7: ox | F7: 번호 | G7: 성명 | H7: 객관식 | I7: ox | K7: 번호 | L7: 성명 | M7: 객관식 | N7: V.T | P7: 번호 | Q7: 성명 | R7: 객관식 | S7: V.T | U7: 번호 | V7: 성명 | W7: 객관식 | X7: ox | Z7: 번호 | AA7: 성명 | AB7: 객관식 | AC7: ox | AF7: 번호 | AG7: 성명 | AH7: 성적
A8: 18821 | B8: 최원석 | C8: 95 | D8: 90 | F8: 18821 | G8: 최원석 | H8: 95 | I8: 90
A9: 22569 | B9: 김민규 | C9: 75 | D9: 90 | F9: 22569 | H9: 100 | I9: 90 | U9: 41361 | V9: 김정윤 | W9: 사유 | X9: 사유 | Z9: 26455 | AA9: 양소은 | AB9: 사유 | AC9: 사유 | AF9: 41361 | AG9: 41361 | AH9: 사유
A10: 22573 | B10: 문진서 | C10: 85 | D10: 100 | F10: 22573 | G10: 문진서 | H10: 100 | I10: 100 | U10: 41402 | V10: 손한규 | W10: 사유 | X10: 사유 | Z10: 41402 | AA10: 손한규 | AB10: 사유 | AC10: 사유 | AF10: 41402 | AG10: 41402 | AH10: 사유
A11: 22576 | C11: 90 | D11: 90 | F11: 22583 | G11: 김동건 | H11: 90 | I11: 0 | U11: 18821 | V11: 최원석 | W11: 65 | X11: 70 | Z11: 18821 | AA11: 최원석 | AB11: 70 | AC11: 60 | AF11: 41394 | AG11: 41394 | AH11: 사유
A12: 22583 | B12: 김동건 | C12: 80 | D12: 0 | F12: 22594 | G12: 임진수 | H12: 75 | I12: 60 | U12: 22569 | V12: 김민규 | W12: 85 | X12: 90 | Z12: 28744 | AA12: 박현빈 | AB12: 40 | AC12: 0 | AF12: 18821 | AG12: 18821 | AH12: 98
A13: 22594 | B13: 임진수 | C13: 75 | D13: 90 | F13: 22606 | G13: 이근혁 | H13: 90 | I13: 100 | U13: 22573 | V13: 문진서 | W13: 95 | X13: 90 | Z13: 22569 | AA13: 김민규 | AB13: 85 | AC13: 80 | AF13: 22569 | AG13: 22569 | AH13: 95
A14: 22606 | B14: 이근혁 | C14: 90 | D14: 100 | F14: 22838 | G14: 배민재 | H14: 85 | I14: 90 | U14: 22583 | V14: 김동건 | W14: 60 | X14: 0 | Z14: 22573 | AA14: 문진서 | AB14: 95 | AC14: 100 | AF14: 22573 | AG14: 22573 | AH14: 93
A15: 22838 | B15: 배민재 | C15: 85 | D15: 100 | F15: 23915 | G15: 김수빈 | H15: 55 | I15: 60 | U15: 22594 | V15: 임진수 | W15: 50 | X15: 70 | Z15: 22576 | AA15: 유현민 | AB15: 95 | AC15: 70 | AF15: 22583 | AG15: 22583 | AH15: 92
A16: 23915 | B16: 김수빈 | C16: 55 | D16: 70 | F16: 24108 | G16: 이승향 | H16: 55 | I16: 50 | U16: 22606 | V16: 이근혁 | W16: 85 | X16: 90 | Z16: 22583 | AA16: 김동건 | AB16: 80 | AC16: 0 | AF16: 22594 | AG16: 22594 | AH16: 77
A17: 24108 | B17: 이승향 | C17: 55 | D17: 0 | F17: 24270 | G17: 박준우 | H17: 65 | I17: 30 | U17: 22838 | V17: 배민재 | W17: 95 | X17: 100 | Z17: 22594 | AA17: 임진수 | AB17: 35 | AC17: 60 | AF17: 22838 | AG17: 22838 | AH17: 96
A18: 24270 | B18: 박준우 | C18: 60 | D18: 80 | F18: 24384 | G18: 손승효 | H18: 100 | I18: 100 | U18: 23915 | V18: 김수빈 | W18: 45 | X18: 40 | Z18: 22838 | AA18: 배민재 | AB18: 90 | AC18: 60 | AF18: 23915 | AG18: 23915 | AH18: 67
A19: 24384 | B19: 손승효 | C19: 95 | D19: 100 | F19: 25054 | G19: 정민겸 | H19: 100 | I19: 80 | U19: 24108 | V19: 이승향 | W19: 15 | X19: 40 | Z19: 23915 | AA19: 김수빈 | AB19: 45 | AC19: 50 | AF19: 24270 | AG19: 24270 | AH19: 80
A20: 25054 | B20: 정민겸 | C20: 95 | D20: 100 | F20: 25104 | G20: 박나현 | H20: 100 | I20: 90 | U20: 24270 | V20: 박준우 | W20: 55 | X20: 40 | Z20: 24108 | AA20: 이승향 | AB20: 20 | AC20: 50 | AF20: 25054 | AG20: 25054 | AH20: 98
A21: 25104 | B21: 박나현 | C21: 85 | D21: 100 | F21: 25225 | G21: 박준우 | H21: 45 | I21: 40 | U21: 25054 | V21: 정민겸 | W21: 95 | X21: 0 | Z21: 24270 | AA21: 박준우 | AB21: 45 | AC21: 40 | AF21: 25225 | AG21: 25225 | AH21: 38
A22: 25238 | B22: 김수진 | C22: 75 | D22: 80 | F22: 25238 | G22: 김수진 | H22: 80 | I22: 90 | U22: 25104 | V22: 박나현 | W22: 80 | X22: 80 | Z22: 25054 | AA22: 정민겸 | AB22: 85 | AC22: 80 | AF22: 25316 | AG22: 25316 | AH22: 96
A23: 25316 | B23: 최원철 | C23: 95 | D23: 100 | F23: 25316 | G23: 최원철 | H23: 90 | I23: 90 | U23: 25225 | V23: 박준우A | W23: 25 | X23: 30 | Z23: 25104 | AA23: 박나현 | AB23: 75 | AC23: 100 | AF23: 26455 | AG23: 26455 | AH23: 98
... A27: 26574 | B27: 류하온 | C27: 70 | D27: 100 | F27: 26574 | G27: 류하온 | H27: 75 | I27: 100 | U27: 26574 | V27: 류하온 | W27: 40 | X27: 80 | Z27: 26562 | AA27: 하채영 | AB27: 85 | AC27: 70 | AF27: 26599 | AG27: 26599 | AH27: 87
A28: 26575 | C28: 95 | D28: 90 | F28: 26599 | G28: 장성민 | H28: 95 | I28: 90 | U28: 26575 | V28: 이동건 | W28: 70 | X28: 70 | Z28: 26575 | AA28: 이동건 | AB28: 70 | AC28: 90 | AF28: 26646 | AG28: 26646 | AH28: 87
A29: 26599 | B29: 장성민 | C29: 90 | D29: 80 | F29: 26646 | G29: 박근우 | H29: 95 | I29: 80 | U29: 26599 | V29: 장성민 | W29: 65 | X29: 80 | Z29: 26599 | AA29: 장성민 | AB29: 75 | AC29: 90 | AF29: 26657 | AG29: 26657 | AH29: 65
A30: 26646 | B30: 박근우 | C30: 90 | D30: 90 | F30: 26657 | G30: 유해강 | H30: 50 | I30: 60 | U30: 26646 | V30: 박근우 | W30: 70 | X30: 70 | Z30: 26713 | AA30: 유다경 | AB30: 45 | AC30: 60 | AF30: 26713 | AG30: 26713 | AH30: 88
A31: 26657 | B31: 유해강 | C31: 75 | D31: 60 | F31: 26713 | G31: 유다경 | H31: 75 | I31: 80 | U31: 26657 | V31: 유해강 | W31: 30 | X31: 30 | Z31: 26718 | AA31: 이지훈 | AB31: 20 | AC31: 40 | AF31: 26718 | AG31: 26718 | AH31: 57
A32: 26713 | B32: 유다경 | C32: 75 | D32: 90 | F32: 26718 | G32: 이지훈 | H32: 35 | I32: 40 | U32: 26713 | V32: 유다경 | W32: 40 | X32: 40 | Z32: 26801 | AA32: 김아진 | AB32: 90 | AC32: 100 | AF32: 26736 | AG32: 26736 | AH32: 91
A33: 26718 | B33: 이지훈 | C33: 25 | D33: 50 | F33: 26895 | G33: 현승민 | H33: 55 | I33: 50 | U33: 26718 | V33: 이지훈 | W33: 25 | X33: 30 | Z33: 26895 | AA33: 현승민 | AB33: 45 | AC33: 50 | AF33: 26801 | AG33: 26801 | AH33: 91
A34: 26736 | B34: 하정석 | C34: 85 | D34: 80 | F34: 26935 | G34: 전재민 | H34: 95 | I34: 80 | U34: 26801 | V34: 김아진 | W34: 85 | X34: 70 | Z34: 26935 | AA34: 전재민 | AB34: 80 | AC34: 90 | AF34: 26895 | AG34: 26895 | AH34: 80
A35: 26895 | B35: 현승민 | C35: 45 | D35: 50 | F35: 28679 | G35: 박지호 | H35: 55 | I35: 70 | U35: 26895 | V35: 현승민 | W35: 45 | X35: 40 | Z35: 28679 | AA35: 박지호 | AB35: 35 | AC35: 50 | AF35: 26935 | AG35: 26935 | AH35: 92
A36: 26935 | B36: 전재민 | C36: 100 | D36: 100 | F36: 28682 | G36: 안서진 | H36: 90 | I36: 70 | U36: 26935 | V36: 전재민 | W36: 85 | X36: 100 | Z36: 28682 | AA36: 안서진 | AB36: 45 | AC36: 50 | AF36: 28679 | AG36: 28679 | AH36: 63
A37: 28679 | B37: 박지호 | C37: 55 | D37: 60 | F37: 28686 | G37: 원예정 | H37: 90 | I37: 80 | U37: 28679 | V37: 박지호 | W37: 50 | X37: 50 | Z37: 28686 | AA37: 원예정 | AB37: 60 | AC37: 80 | AF37: 28682 | AG37: 28682 | AH37: 88
A38: 28682 | B38: 안서진 | C38: 80 | D38: 90 | F38: 28689 | G38: 윤종녕 | H38: 55 | I38: 70 | U38: 28682 | V38: 안서진 | W38: 55 | X38: 40 | Z38: 28689 | AA38: 윤종녕 | AB38: 70 | AC38: 60 | AF38: 28686 | AG38: 28686 | AH38: 94
A39: 28686 | B39: 원예정 | C39: 85 | D39: 80 | F39: 28690 | G39: 김영서 | H39: 60 | I39: 60 | U39: 28686 | V39: 원예정 | W39: 60 | X39: 80 | Z39: 28690 | AA39: 김영서 | AB39: 50 | AC39: 40 | AF39: 28689 | AG39: 28689 | AH39: 88
A40: 28688 | B40: 박채원 | C40: 60 | D40: 50 | F40: 28692 | G40: 배석현 | H40: 60 | I40: 80 | U40: 28689 | V40: 윤종녕 | W40: 65 | X40: 50 | Z40: 28700 | AA40: 김대호 | AB40: 35 | AC40: 60 | AF40: 28690 | AG40: 28690 | AH40: 71
... A179: 45053 | B179: 송치원 | C179: 95 | D179: 90 | F179: 45046 | G179: 방민호 | H179: 85 | I179: 100 | U179: 45083 | V179: 송수민 | W179: 75 | X179: 90 | Z179: 45080 | AA179: 김유선 | AB179: 95 | AC179: 60 | AF179: 45118 | AG179: 45118 | AH179: 89
A180: 45057 | C180: 55 | D180: 80 | F180: 45057 | H180: 80 | I180: 60 | U180: 45088 | V180: 우지원 | W180: 50 | X180: 70 | Z180: 45081 | AA180: 박정민 | AB180: 95 | AC180: 100 | AF180: 45120 | AG180: 45120 | AH180: 91
A181: 45061 | B181: 박윤정 | C181: 100 | D181: 100 | F181: 45061 | G181: 박윤정 | H181: 95 | I181: 70 | U181: 45118 | V181: 조용민 | W181: 45 | X181: 30 | Z181: 45083 | AA181: 송수민 | AB181: 60 | AC181: 80 | AF181: 45122 | AG181: 45122 | AH181: 99
A182: 45062 | B182: 김건형 | C182: 95 | D182: 100 | F182: 45062 | G182: 김건형 | H182: 95 | I182: 80 | U182: 45120 | V182: 양수황 | W182: 70 | X182: 70 | Z182: 45086 | AA182: 박찬호 | AB182: 40 | AC182: 60 | AF182: 45130 | AG182: 45130 | AH182: 86
A183: 45064 | B183: 김다빈 | C183: 90 | D183: 100 | F183: 45064 | G183: 김다빈 | H183: 75 | I183: 50 | U183: 45122 | V183: 윤수빈 | W183: 65 | X183: 40 | Z183: 45088 | AA183: 우지원 | AB183: 40 | AC183: 60 | AF183: 45140 | AG183: 45140 | AH183: 96
A184: 45066 | B184: 정현우 | C184: 60 | D184: 80 | F184: 45066 | G184: 정현우 | H184: 85 | I184: 70 | U184: 45130 | V184: 배혜빈 | W184: 30 | X184: 30 | Z184: 45118 | AA184: 조용민 | AB184: 35 | AC184: 70 | AF184: 45278 | AG184: 45278 | AH184: 99
A185: 45068 | B185: 서희주 | C185: 60 | D185: 90 | F185: 45068 | G185: 서희주 | H185: 95 | I185: 80 | U185: 45140 | V185: 박민철 | W185: 75 | X185: 80 | Z185: 45120 | AA185: 양수황 | AB185: 65 | AC185: 70 | AF185: 45551 | AG185: 45551 | AH185: 99
A186: 45070 | B186: 조재준 | C186: 70 | D186: 0 | F186: 45070 | G186: 조재준 | H186: 90 | I186: 90 | U186: 45278 | V186: 노예빈 | W186: 95 | X186: 90 | Z186: 45122 | AA186: 윤수빈 | AB186: 65 | AC186: 50 | AF186: 49853 | AG186: 49853 | AH186: 77
A187: 45078 | B187: 이윤제 | C187: 85 | D187: 90 | F187: 45078 | G187: 이윤제 | H187: 85 | I187: 100 | U187: 45551 | V187: 최치원 | W187: 80 | X187: 70 | Z187: 45130 | AA187: 배혜빈 | AB187: 55 | AC187: 60 | AF187: 36071 | AG187: 36071 | AH187: 미수강
A188: 45080 | B188: 김유선 | C188: 100 | D188: 100 | F188: 45080 | G188: 김유선 | H188: 100 | I188: 90 | U188: 49853 | V188: 이준섭 | W188: 50 | X188: 40 | Z188: 45140 | AA188: 박민철 | AB188: 95 | AC188: 100 | AF188: 28729 | AG188: 28729 | AH188: 사유
A189: 45081 | B189: 박정민 | C189: 100 | D189: 100 | F189: 45081 | G189: 박정민 | H189: 95 | I189: 100 | U189: 41364 | V189: 사공명준 | W189: 50 | X189: 30 | Z189: 45278 | AA189: 노예빈 | AB189: 80 | AC189: 90 | AF189: 41394 | AG189: 41394 | AH189: 사유
A190: 45083 | B190: 송수민 | C190: 100 | D190: 100 | F190: 45083 | G190: 송수민 | H190: 95 | I190: 90 | U190: 36071 | V190: 김지윤B | W190: 미수강 | X190: 미수강 | Z190: 45551 | AA190: 최치원 | AB190: 70 | AC190: 50 | AF190: 32828 | AG190: 32828 | AH190: 0
A191: 45086 | B191: 박찬호 | C191: 65 | D191: 80 | F191: 45088 | G191: 우지원 | H191: 35 | I191: 40 | U191: 36062 | V191: 장민지 | W191: 80 | X191: 80 | Z191: 49853 | AA191: 이준섭 | AB191: 40 | AC191: 40
A192: 45088 | B192: 우지원 | C192: 40 | D192: 60 | F192: 45108 | G192: 김태현 | H192: 40 | I192: 50 | Z192: 36103 | AA192: 김건희 | AB192: 55 | AC192: 60
A193: 45108 | B193: 김태현 | C193: 35 | D193: 60 | F193: 45118 | G193: 조용민 | H193: 60 | I193: 80
A194: 45118 | B194: 조용민 | C194: 65 | D194: 70 | F194: 45120 | G194: 양수황 | H194: 80 | I194: 80
A195: 45120 | B195: 양수황 | C195: 65 | D195: 70 | F195: 45122 | G195: 윤수빈 | H195: 90 | I195: 70 | AF195: 26738 | AG195: 26738 | AH195: =AI195&"(라)" -> 49(라) | AI195: 49
A196: 45122 | B196: 윤수빈 | C196: 70 | D196: 50 | F196: 45130 | G196: 배혜빈 | H196: 70 | I196: 70 | AF196: 41268 | AG196: 41268 | AH196: =AI196&"(라)" -> 68(라) | AI196: 68
A197: 45130 | B197: 배혜빈 | C197: 65 | D197: 40 | F197: 45140 | G197: 박민철 | H197: 80 | I197: 100 | AF197: 36028 | AG197: 36028 | AH197: =AI197&"(라)" -> 65(라) | AI197: 65
A198: 45140 | B198: 박민철 | C198: 100 | D198: 100 | F198: 45278 | G198: 노예빈 | H198: 95 | I198: 90 | AF198: 21809 | AG198: 21809 | AH198: =AI198&"(라)" -> 86(라) | AI198: 86
A199: 45278 | B199: 노예빈 | C199: 85 | D199: 90 | F199: 45551 | G199: 최치원 | H199: 90 | I199: 100 | AF199: 41367 | AG199: 41367 | AH199: =AI199&"(라)" -> 60(라) | AI199: 60
A200: 45551 | B200: 최치원 | C200: 70 | D200: 80 | F200: 49853 | G200: 이준섭 | H200: 75 | I200: 80 | AF200: 41370 | AG200: 41370 | AH200: =AI200&"(라)" -> 68(라) | AI200: 68
A201: 49853 | B201: 이준섭 | C201: 80 | D201: 70 | F201: 41361 | G201: 김정윤 | H201: 사유 | I201: 사유 | AF201: 43253 | AG201: 43253 | AH201: =AI201&"(라)" -> 86(라) | AI201: 86
A202: 41361 | B202: 김정윤 | C202: 사유 | D202: 사유 | F202: 41402 | G202: 손한규 | H202: 사유 | I202: 사유 | AF202: 36030 | AG202: 36030 | AH202: =AI202&"(라)" -> 53(라) | AI202: 53
A203: 41402 | B203: 손한규 | C203: 사유 | D203: 사유 | F203: 36071 | G203: 김지윤B | H203: 미수강 | I203: 미수강 | AF203: 26524 | AG203: 26524 | AH203: =AI203&"(라)" -> 81(라) | AI203: 81
A204: 41512 | B204: 유서범 | C204: 미수강 | D204: 미수강 | AF204: 36148 | AG204: 36148 | AH204: =AI204&"(라)" -> 87(라) | AI204: 87
A205: 36071 | B205: 김지윤B | C205: 미수강 | D205: 미수강 | AF205: 36263 | AG205: 36263 | AH205: =AI205&"(라)" -> 72(라) | AI205: 72
AF206: 33023 | AG206: 33023 | AH206: =AI206&"(라)" -> 83(라) | AI206: 83
AF207: 32869 | AG207: 32869 | AH207: =AI207&"(라)" -> 88(라) | AI207: 88
AF208: 36046 | AG208: 36046 | AH208: =AI208&"(라)" -> 78(라) | AI208: 78
AF209: 26717 | AG209: 26717 | AH209: =AI209&"(라)" -> 49(라) | AI209: 49
AF210: 26671 | AG210: 26671 | AH210: =AI210&"(라)" -> 87(라) | AI210: 87
AF211: 48537 | AG211: 48537 | AH211: =AI211&"(라)" -> 76(라) | AI211: 76
AF212: 25238 | AG212: 25238 | AH212: =AI212&"(라)" -> 89(라) | AI212: 89
AF213: 45102 | AG213: 45102 | AH213: =AI213&"(라)" -> 95(라) | AI213: 95
AF214: 35360 | AG214: 35360 | AH214: =AI214&"(라)" -> 93(라) | AI214: 93
E215: 성적 | J215: 성적 | Y215: 성적 | AD215: 성적 | AF215: 32684 | AG215: 32684 | AH215: =AI215&"(라)" -> 48(라) | AI215: 48
A216: 48537 | B216: 전서준 | C216: =E216&"(라)" -> 75(라) | D216: 라이브 | E216: 75 | F216: 35360 | G216: 구소현 | H216: =J216&"(라)" -> 80(라) | I216: 라이브 | J216: 80 | U216: 32848 | V216: 박연지 | W216: =Y216&"(라)" -> 65(라) | X216: 라이브 | Y216: 65 | Z216: 41367 | AA216: 최가연 | AB216: =AD216&"(라)" -> 65(라) | AC216: 라이브 | AD216: 65 | AF216: 25024 | AG216: 25024 | AH216: =AI216&"(라)" -> 93(라) | AI216: 93
A217: 26671 | B217: 황호준 | C217: =E217&"(라)" -> 95(라) | D217: 라이브 | E217: 95 | F217: 32660 | G217: 김지우 | H217: =J217&"(라)" -> 95(라) | I217: 라이브 | J217: 95 | U217: 26738 | V217: 정윤석 | W217: =Y217&"(라)" -> 10(라) | X217: 라이브 | Y217: 10 | Z217: 25113 | AA217: 우병찬 | AB217: =AD217&"(라)" -> 5(라) | AC217: 라이브 | AD217: 5 | AF217: 36023 | AG217: 36023 | AH217: =AI217&"(라)" -> 90(라) | AI217: 90
A218: 32848 | B218: 박연지 | C218: =E218&"(라)" -> 95(라) | D218: 라이브 | E218: 95 | F218: 26738 | G218: 정윤석 | H218: =J218&"(라)" -> 20(라) | I218: 라이브 | J218: 20 | U218: 36019 | V218: 이재욱 | W218: =Y218&"(라)" -> 80(라) | X218: 라이브 | Y218: 80 | Z218: 26738 | AA218: 정윤석 | AB218: =AD218&"(라)" -> 30(라) | AC218: 라이브 | AD218: 30 | AF218: 25266 | AG218: 25266 | AH218: =AI218&"(라)" -> 92(라) | AI218: 92
A219: 26524 | B219: 최성재 | C219: =E219&"(라)" -> 75(라) | D219: 라이브 | E219: 75 | F219: 43253 | G219: 신승규 | H219: =J219&"(라)" -> 30(라) | I219: 라이브 | J219: 30 | U219: 36028 | V219: 오예찬 | W219: =Y219&"(라)" -> 30(라) | X219: 라이브 | Y219: 30 | Z219: 36028 | AA219: 오예찬 | AB219: =AD219&"(라)" -> 65(라) | AC219: 라이브 | AD219: 65 | AF219: 32686 | AG219: 32686 | AH219: =AI219&"(라)" -> 93(라) | AI219: 93
A220: 36148 | B220: 신희정 | C220: =E220&"(라)" -> 100(라) | D220: 라이브 | E220: 100 | F220: 39058 | G220: 이상훈 | H220: =J220&"(라)" -> 80(라) | I220: 라이브 | J220: 80 | U220: 36053 | V220: 조서원 | W220: =Y220&"(라)" -> 80(라) | X220: 라이브 | Y220: 80 | Z220: 35357 | AA220: 강건욱 | AB220: =AD220&"(라)" -> 0(라) | AC220: 라이브 | AD220: 0 | AF220: 25343 | AG220: 25343 | AH220: =AI220&"(라)" -> 93(라) | AI220: 93
A221: 36023 | B221: 이창현 | C221: =E221&"(라)" -> 75(라) | D221: 라이브 | E221: 75 | F221: 32026 | G221: 오상수 | H221: =J221&"(라)" -> 60(라) | I221: 라이브 | J221: 60 | U221: 28729 | V221: 홍승원 | W221: =Y221&"(라)" -> 35(라) | X221: 라이브 | Y221: 35 | Z221: 36019 | AA221: 이재욱 | AB221: =AD221&"(라)" -> 90(라) | AC221: 라이브 | AD221: 90 | AF221: 39615 | AG221: 39615 | AH221: =AI221&"(라)" -> 95(라) | AI221: 95
A222: 26717 | B222: 류호준 | C222: =E222&"(라)" -> 35(라) | D222: 라이브 | E222: 35 | F222: 26671 | G222: 황호준 | H222: =J222&"(라)" -> 65(라) | I222: 라이브 | J222: 65 | U222: 36263 | V222: 이수진 | W222: =Y222&"(라)" -> 60(라) | X222: 라이브 | Y222: 60 | Z222: 26573 | AA222: 장수정 | AB222: =AD222&"(라)" -> 90(라) | AC222: 라이브 | AD222: 90 | AF222: 20563 | AG222: 20563 | AH222: =AI222&"(라)" -> 91(라) | AI222: 91
A223: 35360 | B223: 구소현 | C223: =E223&"(라)" -> 80(라) | D223: 라이브 | E223: 80 | F223: 25278 | G223: 하지원 | H223: =J223&"(라)" -> 85(라) | I223: 라이브 | J223: 85 | U223: 32026 | V223: 오상수 | W223: =Y223&"(라)" -> 95(라) | X223: 라이브 | Y223: 95 | Z223: 36263 | AA223: 이수진 | AB223: =AD223&"(라)" -> 45(라) | AC223: 라이브 | AD223: 45 | AF223: 22581 | AG223: 22581 | AH223: =AI223&"(라)" -> 84(라) | AI223: 84
A224: 36025 | B224: 최준하 | C224: =E224&"(라)" -> 35(라) | D224: 라이브 | E224: 35 | F224: 31841 | G224: 공초연 | H224: =J224&"(라)" -> 90(라) | I224: 라이브 | J224: 90 | U224: 45049 | V224: 심동섭 | W224: =Y224&"(라)" -> 25(라) | X224: 라이브 | Y224: 25 | Z224: 26671 | AA224: 황호준 | AB224: =AD224&"(라)" -> 60(라) | AC224: 라이브 | AD224: 60 | AF224: 35985 | AG224: 35985 | AH224: =AI224&"(라)" -> 30(라) | AI224: 30
A225: 32814 | B225: 정세진 | C225: =E225&"(라)" -> 85(라) | D225: 라이브 | E225: 85 | F225: 26524 | G225: 최성재 | H225: =J225&"(라)" -> 85(라) | I225: 라이브 | J225: 85 | U225: 36023 | V225: 이창현 | W225: =Y225&"(라)" -> 50(라) | X225: 라이브 | Y225: 50 | Z225: 32686 | AA225: 김동현 | AB225: =AD225&"(라)" -> 70(라) | AC225: 라이브 | AD225: 70 | AF225: 22578 | AG225: 22578 | AH225: =AI225&"(라)" -> 93(라) | AI225: 93
A226: 21860 | B226: 김봉준 | C226: =E226&"(라)" -> 30(라) | D226: 라이브 | E226: 30 | F226: 36025 | G226: 최준하 | H226: =J226&"(라)" -> 100(라) | I226: 라이브 | J226: 100 | U226: 26524 | V226: 최성재 | W226: =Y226&"(라)" -> 60(라) | X226: 라이브 | Y226: 60 | Z226: 32814 | AA226: 정세진 | AB226: =AD226&"(라)" -> 70(라) | AC226: 라이브 | AD226: 70 | AF226: 37298 | AG226: 37298 | AH226: =AI226&"(라)" -> 47(라) | AI226: 47
A227: 22578 | B227: 서효원 | C227: =E227&"(라)" -> 80(라) | D227: 라이브 | E227: 80 | F227: 36472 | G227: 정현지 | H227: =J227&"(라)" -> 65(라) | I227: 라이브 | J227: 65 | U227: 36148 | V227: 신희정 | W227: =Y227&"(라)" -> 75(라) | X227: 라이브 | Y227: 75 | Z227: 45108 | AA227: 김태현 | AB227: =AD227&"(라)" -> 20(라) | AC227: 라이브 | AD227: 20 | AF227: 38884 | AG227: 38884 | AH227: =AI227&"(라)" -> 83(라) | AI227: 83
... A245: 32655 | B245: 이상민 | C245: =E245&"(라)" -> 20(라) | D245: 라이브 | E245: 20 | F245: 21954 | G245: 진효창 | H245: =J245&"(라)" -> 40(라) | I245: 라이브 | J245: 40 | U245: 32686 | V245: 김동현 | W245: =Y245&"(라)" -> 65(라) | X245: 라이브 | Y245: 65 | Z245: 31841 | AA245: 공초연 | AB245: =AD245&"(라)" -> 65(라) | AC245: 라이브 | AD245: 65 | AF245: 36169 | AG245: 36169 | AH245: =AI245&"(라)" -> 26(라) | AI245: 26
A246: 32869 | B246: 이태경 | C246: =E246&"(라)" -> 35(라) | D246: 라이브 | E246: 35 | F246: 36148 | G246: 신희정 | H246: =J246&"(라)" -> 90(라) | I246: 라이브 | J246: 90 | U246: 22578 | V246: 서효원 | W246: =Y246&"(라)" -> 85(라) | X246: 라이브 | Y246: 85 | Z246: 36000 | AA246: 박준영 | AB246: =AD246&"(라)" -> 80(라) | AC246: 라이브 | AD246: 80
A247: 36169 | B247: 권민재 | C247: =E247&"(라)" -> 25(라) | D247: 라이브 | E247: 25 | F247: 36263 | G247: 이수진 | H247: =J247&"(라)" -> 90(라) | I247: 라이브 | J247: 90 | U247: 36000 | V247: 박준영 | W247: =Y247&"(라)" -> 65(라) | X247: 라이브 | Y247: 65 | Z247: 22578 | AA247: 서효원 | AB247: =AD247&"(라)" -> 85(라) | AC247: 라이브 | AD247: 85
A248: 26649 | B248: 이나영 | C248: =E248&"(라)" -> 25(라) | D248: 라이브 | E248: 25 | F248: 35357 | G248: 강건욱 | H248: =J248&"(라)" -> 95(라) | I248: 라이브 | J248: 95 | U248: 24023 | V248: 홍성범 | W248: =Y248&"(라)" -> 85(라) | X248: 라이브 | Y248: 85 | Z248: 36168 | AA248: 서아희 | AB248: =AD248&"(라)" -> 45(라) | AC248: 라이브 | AD248: 45
A249: 28729 | B249: 홍승원 | C249: =E249&"(라)" -> 50(라) | D249: 라이브 | E249: 50 | F249: 21809 | G249: 전한나 | H249: =J249&"(라)" -> 85(라) | I249: 라이브 | J249: 85 | U249: 20563 | V249: 이건영 | W249: =Y249&"(라)" -> 60(라) | X249: 라이브 | Y249: 60 | Z249: 41313 | AA249: 배나영 | AB249: =AD249&"(라)" -> 45(라) | AC249: 라이브 | AD249: 45
A250: 36028 | B250: 오예찬 | C250: =E250&"(라)" -> 50(라) | D250: 라이브 | E250: 50 | F250: 22581 | G250: 안욱근 | H250: =J250&"(라)" -> 85(라) | I250: 라이브 | J250: 85 | U250: 36168 | V250: 서아희 | W250: =Y250&"(라)" -> 75(라) | X250: 라이브 | Y250: 75 | Z250: 45102 | AA250: 정성태 | AB250: =AD250&"(라)" -> 90(라) | AC250: 라이브 | AD250: 90
A251: 35991 | B251: 이수민 | C251: =E251&"(라)" -> 40(라) | D251: 라이브 | E251: 40 | F251: 45102 | G251: 정성태 | H251: =J251&"(라)" -> 95(라) | I251: 라이브 | J251: 95 | U251: 38884 | V251: 박민준 | W251: =Y251&"(라)" -> 60(라) | X251: 라이브 | Y251: 60 | Z251: 24023 | AA251: 홍성범 | AB251: =AD251&"(라)" -> 85(라) | AC251: 라이브 | AD251: 85
A252: 28690 | B252: 김영서 | C252: =E252&"(라)" -> 65(라) | D252: 라이브 | E252: 65 | F252: 37298 | G252: 김태훈A | H252: =J252&"(라)" -> 65(라) | I252: 라이브 | J252: 65 | U252: 36046 | V252: 김민기A | W252: =Y252&"(라)" -> 0(라) | X252: 라이브 | Y252: 0 | Z252: 39110 | AA252: 김동현A | AB252: =AD252&"(라)" -> 85(라) | AC252: 라이브 | AD252: 85
A253: 36263 | B253: 이수진 | C253: =E253&"(라)" -> 100(라) | D253: 라이브 | E253: 100 | F253: 21701 | G253: 이현지 | H253: =J253&"(라)" -> 95(라) | I253: 라이브 | J253: 95 | U253: 33023 | V253: 정윤한 | W253: =Y253&"(라)" -> 40(라) | X253: 라이브 | Y253: 40 | Z253: 36025 | AA253: 최준하 | AB253: =AD253&"(라)" -> 55(라) | AC253: 라이브 | AD253: 55
A254: 38884 | B254: 박민준 | C254: =E254&"(라)" -> 100(라) | D254: 라이브 | E254: 100 | F254: 45049 | G254: 심동섭 | H254: =J254&"(라)" -> 55(라) | I254: 라이브 | J254: 55 | U254: 32869 | V254: 이태경 | W254: =Y254&"(라)" -> 80(라) | X254: 라이브 | Y254: 80 | Z254: 25278 | AA254: 하지원 | AB254: =AD254&"(라)" -> 45(라) | AC254: 라이브 | AD254: 45
F255: 36019 | G255: 이재욱 | H255: =J255&"(라)" -> 100(라) | I255: 라이브 | J255: 100 | U255: 37298 | V255: 김태훈A | W255: =Y255&"(라)" -> 40(라) | X255: 라이브 | Y255: 40 | Z255: 33023 | AA255: 정윤한 | AB255: =AD255&"(라)" -> 55(라) | AC255: 라이브 | AD255: 55
F256: 38884 | G256: 박민준 | H256: =J256&"(라)" -> 85(라) | I256: 라이브 | J256: 85 | U256: 25343 | V256: 이소정 | W256: =Y256&"(라)" -> 95(라) | X256: 라이브 | Y256: 95
F257: 32655 | G257: 이상민 | H257: =J257&"(라)" -> 25(라) | I257: 라이브 | J257: 25 | U257: 22581 | V257: 안욱근 | W257: =Y257&"(라)" -> 50(라) | X257: 라이브 | Y257: 50 | Z257: 32026 | AA257: 오상수 | AB257: =AD257&"(라)" -> 5(라) | AC257: 라이브 | AD257: 5
F258: 33023 | G258: 정윤한 | H258: =J258&"(라)" -> 80(라) | I258: 라이브 | J258: 80 | U258: 39110 | V258: 김동현A | W258: =Y258&"(라)" -> 80(라) | X258: 라이브 | Y258: 80 | Z258: 25024 | AA258: 이민주 | AB258: =AD258&"(라)" -> 85(라) | AC258: 라이브 | AD258: 85
F259: 35985 | G259: 윤소영 | H259: =J259&"(라)" -> 70(라) | I259: 라이브 | J259: 70 | U259: 26717 | V259: 류호준 | W259: =Y259&"(라)" -> 30(라) | X259: 라이브 | Y259: 30 | Z259: 25342 | AA259: 김서린 | AB259: =AD259&"(라)" -> 20(라) | AC259: 라이브 | AD259: 20
F260: 26717 | G260: 류호준 | H260: =J260&"(라)" -> 50(라) | I260: 라이브 | J260: 50 | U260: 21954 | V260: 진효창 | W260: =Y260&"(라)" -> 25(라) | X260: 라이브 | Y260: 25 | Z260: 26649 | AA260: 이나영 | AB260: =AD260&"(라)" -> 20(라) | AC260: 라이브 | AD260: 20
F261: 25024 | G261: 이민주 | H261: =J261&"(라)" -> 90(라) | I261: 라이브 | J261: 90 | U261: 25278 | V261: 하지원 | W261: =Y261&"(라)" -> 90(라) | X261: 라이브 | Y261: 90 | Z261: 28747 | AA261: 오현기 | AB261: =AD261&"(라)" -> 5(라) | AC261: 라이브 | AD261: 5
F262: 25342 | G262: 김서린 | H262: =J262&"(라)" -> 45(라) | I262: 라이브 | J262: 45 | U262: 37313 | V262: 남동현 | W262: =Y262&"(라)" -> 35(라) | X262: 라이브 | Y262: 35 | Z262: 26736 | AA262: 하정석 | AB262: =AD262&"(라)" -> 35(라) | AC262: 라이브 | AD262: 35
...

Sheet 3주차
A2: 3주차
A4: 헌법 | F4: 형소법 | K4: 형법 | P4: 경찰학 | V4: 누적모의고사 | AB4: =AD4&"(라)" -> (라) | AC4: 라이브
A5: 46042 | F5: 46043 | K5: 46045 | P5: 46048 | V5: 46044
A7: 번호 | B7: 성명 | C7: 객관식 | D7: ox | F7: 번호 | G7: 성명 | H7: 객관식 | I7: ox | K7: 번호 | L7: 성명 | M7: 객관식 | N7: ox | P7: 번호 | Q7: 성명 | R7: 객관식 | S7: ox | V7: 수험번호 | W7: 수험번호 | X7: 점수
A9: 41435 | B9: 이창건 | C9: 사유 | D9: 사유 | F9: 41491 | G9: 김영운 | H9: 탈락 | I9: 탈락 | K9: 41491 | L9: 김영운 | M9: 탈락 | N9: 탈락 | P9: 41491 | Q9: 김영운 | R9: 탈락 | S9: 탈락 | V9: 41491 | W9: 41491 | X9: 탈락
A10: 18821 | B10: 최원석 | C10: 90 | D10: 100 | F10: 36030 | G10: 김준경 | H10: 탈락 | I10: 탈락 | K10: 36030 | L10: 김준경 | M10: 탈락 | N10: 탈락 | P10: 36030 | Q10: 김준경 | R10: 탈락 | S10: 탈락 | V10: 36030 | W10: 36030 | X10: 탈락
A11: 22569 | B11: 김민규 | C11: 75 | D11: 90 | F11: 41509 | G11: 민원재 | H11: 탈락 | I11: 탈락 | K11: 41509 | L11: 민원재 | M11: 탈락 | N11: 탈락 | P11: 41509 | Q11: 민원재 | R11: 탈락 | S11: 탈락 | V11: 41509 | W11: 41509 | X11: 탈락
A12: 22573 | B12: 문진서 | C12: 75 | D12: 100 | F12: 28688 | G12: 박채원 | H12: 탈락 | I12: 탈락 | K12: 28688 | L12: 박채원 | M12: 탈락 | N12: 탈락 | P12: 28688 | Q12: 박채원 | R12: 탈락 | S12: 탈락 | V12: 28688 | W12: 28688 | X12: 탈락
A13: 22583 | B13: 김동건 | C13: 85 | D13: 100 | F13: 31278 | G13: 박회근 | H13: 탈락 | I13: 탈락 | K13: 31278 | L13: 박회근 | M13: 탈락 | N13: 탈락 | P13: 31278 | Q13: 박회근 | R13: 탈락 | S13: 탈락 | V13: 31278 | W13: 31278 | X13: 탈락
A14: 22594 | B14: 임진수 | C14: 55 | D14: 80 | F14: 28692 | G14: 배석현 | H14: 탈락 | I14: 탈락 | K14: 28692 | L14: 배석현 | M14: 탈락 | N14: 탈락 | P14: 28692 | Q14: 배석현 | R14: 탈락 | S14: 탈락 | V14: 28692 | W14: 28692 | X14: 탈락
A15: 22838 | B15: 배민재 | C15: 85 | D15: 80 | F15: 36145 | G15: 윤현진 | H15: 탈락 | I15: 탈락 | K15: 36145 | L15: 윤현진 | M15: 탈락 | N15: 탈락 | P15: 36145 | Q15: 윤현진 | R15: 탈락 | S15: 탈락 | V15: 36145 | W15: 36145 | X15: 탈락
A16: 23915 | B16: 김수빈 | C16: 65 | D16: 60 | F16: 21889 | G16: 이동근 | H16: 탈락 | I16: 탈락 | K16: 21889 | L16: 이동근 | M16: 탈락 | N16: 탈락 | V16: 21889 | W16: 21889 | X16: 탈락
A17: 24108 | B17: 이승향 | C17: 35 | D17: 50 | F17: 39058 | G17: 이상훈 | H17: 탈락 | I17: 탈락 | K17: 39058 | L17: 이상훈 | M17: 탈락 | N17: 탈락 | P17: 39058 | Q17: 이상훈 | R17: 탈락 | S17: 탈락 | V17: 39058 | W17: 39058 | X17: 탈락
A18: 24270 | B18: 박준우 | C18: 70 | D18: 100 | F18: 36420 | G18: 이수왕 | H18: 탈락 | I18: 탈락 | K18: 36420 | L18: 이수왕 | M18: 탈락 | N18: 탈락 | P18: 36420 | Q18: 이수왕 | R18: 탈락 | S18: 탈락 | V18: 36420 | W18: 36420 | X18: 탈락
A19: 25054 | B19: 졍민겸 | C19: 85 | D19: 100 | F19: 33717 | G19: 최상덕 | H19: 탈락 | I19: 탈락 | K19: 33717 | L19: 최상덕 | M19: 탈락 | N19: 탈락 | P19: 33717 | Q19: 최상덕 | R19: 탈락 | S19: 탈락 | V19: 33717 | W19: 33717 | X19: 탈락
A20: 25104 | B20: 박나현 | C20: 75 | D20: 100 | F20: 41388 | G20: 최승호 | H20: 탈락 | I20: 탈락 | K20: 41388 | L20: 최승호 | M20: 탈락 | N20: 탈락 | P20: 41388 | Q20: 최승호 | R20: 탈락 | S20: 탈락 | V20: 41388 | W20: 41388 | X20: 탈락
A21: 25238 | B21: 김수진 | C21: 80 | D21: 90 | F21: 26627 | G21: 최진호 | H21: 탈락 | I21: 탈락 | K21: 26627 | L21: 최진호 | M21: 탈락 | N21: 탈락 | P21: 26627 | Q21: 최진호 | R21: 탈락 | S21: 탈락 | V21: 26627 | W21: 26627 | X21: 탈락
A22: 25266 | B22: 박산들 | C22: 90 | D22: 100 | F22: 18821 | G22: 최원석 | H22: 95 | I22: 90 | K22: 37128 | L22: 이승희 | M22: 사유 | N22: 사유 | P22: 18821 | Q22: 최원석 | R22: 80 | S22: 80 | V22: 28744 | W22: 28744 | X22: 사유
A23: 25316 | B23: 최원철 | C23: 90 | D23: 100 | F23: 22569 | G23: 김민규 | H23: 90 | I23: 90 | K23: 41436 | L23: 고현지 | M23: 사유 | N23: 사유 | P23: 21889 | Q23: 이동근 | R23: 90 | S23: 80 | V23: 18821 | W23: 18821 | X23: 98
A24: 26455 | B24: 양소은 | C24: 90 | D24: 100 | F24: 22573 | G24: 문진서 | H24: 90 | I24: 80 | K24: 31797 | L24: 김예원 | M24: 95 | N24: 100 | P24: 22569 | Q24: 김민규 | R24: 80 | S24: 100 | V24: 22569 | W24: 22569 | X24: 93
A25: 26562 | B25: 하채영 | C25: 90 | D25: 100 | F25: 22594 | G25: 임진수 | H25: 65 | I25: 40 | K25: 22569 | L25: 김민규 | M25: 80 | N25: 100 | P25: 22573 | Q25: 문진서 | R25: 95 | S25: 90 | V25: 22573 | W25: 22573 | X25: 96
A26: 26574 | B26: 류하온 | C26: 60 | D26: 90 | F26: 22838 | G26: 배민재 | H26: 90 | I26: 100 | K26: 22573 | L26: 문진서 | M26: 95 | N26: 90 | P26: 22583 | Q26: 김동건 | R26: 90 | S26: 0 | V26: 22576 | W26: 22576 | X26: 48
A27: 26599 | B27: 장성민 | C27: 60 | D27: 100 | F27: 23915 | G27: 김수빈 | H27: 55 | I27: 20 | K27: 22576 | L27: 유현민 | M27: 95 | N27: 90 | P27: 22838 | Q27: 배민재 | R27: 100 | S27: 100 | V27: 22583 | W27: 22583 | X27: 92
A28: 26646 | B28: 박근우 | C28: 85 | D28: 90 | F28: 24108 | G28: 이승향 | H28: 50 | I28: 70 | K28: 22583 | L28: 김동건 | M28: 95 | N28: 70 | P28: 23915 | Q28: 김수빈 | R28: 35 | S28: 80 | V28: 22594 | W28: 22594 | X28: 68
A29: 26657 | B29: 유해강 | C29: 65 | D29: 90 | F29: 24270 | G29: 박준우 | H29: 55 | I29: 60 | K29: 22594 | L29: 임진수 | M29: 70 | N29: 30 | P29: 24108 | Q29: 이승향 | R29: 25 | S29: 40 | V29: 22838 | W29: 22838 | X29: 99
A30: 26713 | B30: 유다경 | C30: 85 | D30: 90 | F30: 24384 | G30: 손승효 | H30: 95 | I30: 100 | K30: 22838 | L30: 배민재 | M30: 95 | N30: 90 | P30: 24270 | Q30: 박준우 | R30: 35 | S30: 70 | V30: 23915 | W30: 23915 | X30: 74
A31: 26718 | B31: 이지훈 | C31: 35 | D31: 50 | F31: 25054 | G31: 정민겸 | H31: 95 | I31: 70 | K31: 23915 | L31: 김수빈 | M31: 50 | N31: 50 | P31: 24384 | Q31: 손승효 | R31: 100 | S31: 100 | V31: 24108 | W31: 24108 | X31: 58
A32: 26736 | B32: 하정석 | C32: 85 | D32: 90 | F32: 25104 | G32: 박나현 | H32: 85 | I32: 80 | K32: 24108 | L32: 이승향 | M32: 50 | N32: 40 | P32: 25054 | Q32: 정민겸 | R32: 80 | S32: 90 | V32: 24270 | W32: 24270 | X32: 76
A33: 26895 | B33: 현승민 | C33: 50 | D33: 80 | F33: 25225 | G33: 박준우 | H33: 30 | I33: 30 | K33: 24270 | L33: 박준우 | M33: 50 | N33: 60 | P33: 25104 | Q33: 박나현 | R33: 95 | S33: 90 | V33: 25054 | W33: 25054 | X33: 99
A34: 26935 | B34: 전재민 | C34: 85 | D34: 100 | F34: 25266 | G34: 박산들 | H34: 90 | I34: 100 | K34: 24384 | L34: 손승효 | M34: 100 | N34: 100 | P34: 25225 | Q34: 박준우 | R34: 35 | S34: 50 | V34: 25225 | W34: 25225 | X34: 40
A35: 28679 | B35: 박지호 | C35: 40 | D35: 60 | F35: 26455 | G35: 양소은 | H35: 90 | I35: 70 | K35: 25054 | L35: 정민겸 | M35: 85 | N35: 90 | P35: 25238 | Q35: 김수진 | R35: 75 | S35: 100 | V35: 25316 | W35: 25316 | X35: 95
... A44: 28715 | B44: 김종서 | C44: 35 | D44: 50 | F44: 28679 | G44: 박지호 | H44: 75 | I44: 70 | K44: 26574 | L44: 류하온 | M44: 65 | N44: 90 | P44: 26718 | Q44: 이지훈 | R44: 25 | S44: 70 | V44: 26801 | W44: 26801 | X44: 93
A45: 28719 | B45: 유성윤 | C45: 60 | D45: 90 | F45: 28682 | G45: 안서진 | H45: 65 | I45: 60 | K45: 26575 | M45: 100 | N45: 70 | P45: 26801 | Q45: 김아진 | R45: 90 | S45: 90 | V45: 26895 | W45: 26895 | X45: 70
A46: 28720 | B46: 기지민 | C46: 70 | D46: 100 | F46: 28686 | G46: 원예정 | H46: 90 | I46: 80 | K46: 26599 | L46: 장성민 | M46: 80 | N46: 90 | P46: 26895 | Q46: 현승민 | R46: 35 | S46: 70 | V46: 28679 | W46: 28679 | X46: 66
A47: 28722 | B47: 송영서 | C47: 95 | D47: 100 | F47: 28689 | G47: 윤종녕 | H47: 90 | I47: 90 | K47: 26646 | L47: 박근우 | M47: 85 | N47: 100 | P47: 26935 | Q47: 전재민 | R47: 85 | S47: 100 | V47: 28682 | W47: 28682 | X47: 69
A48: 28727 | B48: 노현학 | C48: 85 | D48: 90 | F48: 28690 | G48: 김영서 | H48: 55 | I48: 80 | K48: 26657 | L48: 유해강 | M48: 25 | N48: 60 | P48: 28679 | Q48: 박지호 | R48: 30 | S48: 40 | V48: 28686 | W48: 28686 | X48: 92
A49: 28729 | B49: 홍승원 | C49: 90 | D49: 70 | F49: 28700 | G49: 김대호 | H49: 75 | I49: 90 | K49: 26713 | L49: 유다경 | M49: 70 | N49: 60 | P49: 28686 | Q49: 원예정 | R49: 70 | S49: 80 | V49: 28689 | W49: 28689 | X49: 89
A50: 28731 | B50: 이가은 | C50: 85 | D50: 80 | F50: 28701 | G50: 정승화 | H50: 55 | I50: 10 | K50: 26718 | L50: 이지훈 | M50: 40 | N50: 50 | P50: 28689 | Q50: 윤종녕 | R50: 35 | S50: 90 | V50: 28690 | W50: 28690 | X50: 87
A51: 28744 | B51: 박현빈 | C51: 35 | D51: 0 | F51: 28702 | G51: 윤대현 | H51: 95 | I51: 90 | K51: 26801 | L51: 김아진 | M51: 75 | N51: 100 | P51: 28701 | Q51: 정승화 | R51: 65 | S51: 60 | V51: 28700 | W51: 28700 | X51: 88
A52: 31794 | B52: 최민 | C52: 65 | D52: 90 | F52: 28703 | G52: 정해린 | H52: 70 | I52: 60 | K52: 26895 | L52: 현승민 | M52: 50 | N52: 70 | P52: 28702 | Q52: 윤대현 | R52: 60 | S52: 80 | V52: 28701 | W52: 28701 | X52: 83
A53: 31797 | B53: 김예원 | C53: 90 | D53: 90 | F53: 28705 | G53: 전민우 | H53: 80 | I53: 70 | K53: 26935 | L53: 젼재민 | M53: 95 | N53: 80 | P53: 28703 | Q53: 정해린 | R53: 45 | S53: 60 | V53: 28702 | W53: 28702 | X53: 96
A54: 31839 | B54: 이용훈 | C54: 80 | D54: 100 | F54: 28713 | G54: 박정환 | H54: 85 | I54: 80 | K54: 28679 | L54: 박지호 | M54: 45 | N54: 40 | P54: 28705 | Q54: 전민우 | R54: 5 | S54: 70 | V54: 28703 | W54: 28703 | X54: 97
A55: 32423 | B55: 이광훈 | C55: 65 | D55: 90 | F55: 28715 | G55: 깅종서 | H55: 60 | I55: 50 | K55: 28686 | L55: 원예정 | M55: 90 | N55: 100 | P55: 28713 | Q55: 박정환 | R55: 75 | S55: 70 | V55: 28713 | W55: 28713 | X55: 99
A56: 32647 | B56: 정원준 | C56: 85 | D56: 90 | F56: 28719 | G56: 유성윤 | H56: 55 | I56: 80 | K56: 28689 | L56: 윤종녕 | M56: 60 | N56: 90 | P56: 28719 | Q56: 유성윤 | R56: 75 | S56: 100 | V56: 28715 | W56: 28715 | X56: 60
A57: 32656 | B57: 이저빈 | C57: 60 | D57: 90 | F57: 28720 | G57: 기지민 | H57: 65 | I57: 90 | K57: 28690 | L57: 김영서 | M57: 45 | N57: 0 | P57: 28720 | Q57: 기지민 | R57: 50 | S57: 70 | V57: 28719 | W57: 28719 | X57: 93
... A113: 39542 | B113: 이동언 | C113: 80 | D113: 100 | F113: 36132 | G113: 최세나 | H113: 80 | I113: 90 | K113: 36136 | L113: 안동건 | M113: 35 | N113: 0 | P113: 36178 | Q113: 김예원 | R113: 80 | S113: 100 | V113: 36420 | W113: 36420 | X113: 95
A114: 41258 | B114: 이경훈 | C114: 55 | D114: 100 | F114: 36136 | G114: 안동건 | H114: 40 | I114: 0 | K114: 36137 | L114: 손영현 | M114: 90 | N114: 80 | P114: 36451 | R114: 90 | S114: 100 | V114: 36451 | W114: 36451 | X114: 99
A115: 41249 | B115: 전현우 | C115: 85 | D115: 70 | F115: 36137 | G115: 손영현 | H115: 90 | I115: 100 | K115: 36140 | L115: 최유민 | M115: 80 | N115: 80 | P115: 36718 | Q115: 김아현 | R115: 85 | S115: 90 | V115: 36718 | W115: 36718 | X115: 98
A116: 41252 | B116: 김하은 | C116: 60 | D116: 80 | F116: 36140 | G116: 최유민 | H116: 80 | I116: 90 | K116: 36141 | L116: 권경희 | M116: 90 | N116: 90 | P116: 37133 | Q116: 권성준 | R116: 80 | S116: 100 | V116: 37133 | W116: 37133 | X116: 90
A117: 41254 | B117: 송승아 | C117: 40 | D117: 60 | F117: 36141 | G117: 권경희 | H117: 95 | I117: 100 | K117: 36165 | L117: 배인영 | M117: 75 | N117: 90 | P117: 37134 | Q117: 김동규 | R117: 90 | S117: 100 | V117: 37134 | W117: 37134 | X117: 100
A118: 41266 | B118: 남규혁 | C118: 35 | D118: 40 | F118: 36165 | G118: 배인영 | H118: 80 | I118: 100 | K118: 36167 | L118: 권원대 | M118: 60 | N118: 80 | P118: 39542 | Q118: 이동언 | R118: 85 | S118: 0 | V118: 39542 | W118: 39542 | X118: 99
A119: 41268 | B119: 박혜주 | C119: 60 | D119: 70 | F119: 36167 | G119: 권원대 | H119: 65 | I119: 50 | K119: 36168 | L119: 서아희 | M119: 95 | N119: 90 | P119: 41252 | Q119: 김하은 | R119: 55 | S119: 60 | V119: 41249 | W119: 41249 | X119: 77
A120: 41273 | B120: 고윤솔 | C120: 90 | D120: 90 | F120: 36168 | G120: 서아희 | H120: 90 | I120: 40 | K120: 36170 | L120: 박현진 | M120: 60 | N120: 70 | P120: 41254 | Q120: 송승아 | R120: 20 | S120: 40 | V120: 41252 | W120: 41252 | X120: 86
A121: 41274 | B121: 장재명 | C121: 40 | D121: 60 | F121: 36170 | G121: 박현진 | H121: 85 | I121: 70 | K121: 36178 | L121: 김예원 | M121: 95 | N121: 100 | P121: 41266 | Q121: 남규혁 | R121: 15 | S121: 70 | V121: 41254 | W121: 41254 | X121: 63
A122: 41276 | B122: 황다희 | C122: 60 | D122: 90 | F122: 36451 | G122: 김승연 | H122: 80 | I122: 80 | K122: 36451 | L122: 김승연 | M122: 90 | N122: 90 | P122: 41268 | Q122: 박혜주 | R122: 60 | S122: 90 | V122: 41268 | W122: 41268 | X122: 64
A123: 41280 | B123: 김무준 | C123: 85 | D123: 100 | F123: 36718 | G123: 김아현 | H123: 100 | I123: 70 | K123: 36718 | L123: 김아현 | M123: 95 | N123: 100 | P123: 41273 | Q123: 고윤솔 | R123: 50 | S123: 70 | V123: 41273 | W123: 41273 | X123: 98
A124: 41283 | B124: 권태현 | C124: 70 | D124: 60 | F124: 37133 | G124: 권성준 | H124: 95 | I124: 100 | K124: 37133 | L124: 권성준 | M124: 100 | N124: 90 | P124: 41274 | Q124: 장재명 | R124: 45 | S124: 60 | V124: 41274 | W124: 41274 | X124: 80
A125: 41284 | B125: 김규리 | C125: 70 | D125: 90 | F125: 37134 | G125: 김동규 | H125: 95 | I125: 100 | K125: 37134 | L125: 김동규 | M125: 80 | N125: 100 | P125: 41276 | Q125: 황다희 | R125: 75 | S125: 80 | V125: 41276 | W125: 41276 | X125: 96
A126: 41310 | B126: 김지윤A | C126: 90 | D126: 100 | F126: 39542 | G126: 이동언 | H126: 95 | I126: 100 | K126: 39542 | L126: 이동언 | M126: 95 | N126: 0 | P126: 41280 | Q126: 김무준 | R126: 80 | S126: 70 | V126: 41280 | W126: 41280 | X126: 99
... A190: 49853 | B190: 이준섭 | C190: 60 | D190: 90 | F190: 45078 | G190: 이윤제 | H190: 80 | I190: 80 | K190: 45066 | L190: 정현우 | M190: 65 | N190: 60 | P190: 45278 | Q190: 노예빈 | R190: 85 | S190: 60 | V190: 49853 | W190: 49853 | X190: 84
A191: 35362 | B191: 정명수 | C191: 65 | D191: 90 | F191: 45080 | G191: 김유선 | H191: 100 | I191: 100 | K191: 45070 | L191: 조재준 | M191: 65 | N191: 90 | P191: 45551 | Q191: 최치원 | R191: 75 | S191: 90
F192: 45081 | G192: 박정민 | H192: 100 | I192: 90 | K192: 45078 | L192: 이윤제 | M192: 95 | N192: 80 | P192: 49853 | Q192: 이준섭 | R192: 30 | S192: 90 | V192: 36019 | W192: 36019 | X192: =Y192&"(라)" -> 98(라) | Y192: 98
F193: 45083 | G193: 송수민 | H193: 80 | I193: 80 | K193: 45080 | L193: 김유선 | M193: 100 | N193: 90 | P193: 32869 | Q193: 이태경 | R193: 사유 | S193: 사유 | V193: 26575 | W193: 26575 | X193: =Y193&"(라)" -> 93(라) | Y193: 93
E194: 성적 | F194: 45088 | G194: 우지원 | H194: 50 | I194: 70 | K194: 45081 | L194: 박정민 | M194: 100 | N194: 100 | V194: 26738 | W194: 26738 | X194: =Y194&"(라)" -> 46(라) | Y194: 46
A195: 26573 | B195: 장수정 | C195: =E195&"(라)" -> 80(라) | D195: 라이브 | E195: 80 | F195: 45118 | G195: 조용민 | H195: 85 | I195: 40 | K195: 45083 | L195: 송수민 | M195: 75 | N195: 80 | V195: 36028 | W195: 36028 | X195: =Y195&"(라)" -> 71(라) | Y195: 71
A196: 32848 | B196: 박연지 | C196: =E196&"(라)" -> 40(라) | D196: 라이브 | E196: 40 | F196: 45120 | G196: 양수황 | H196: 75 | I196: 70 | K196: 45088 | L196: 우지원 | M196: 45 | N196: 40 | V196: 32848 | W196: 32848 | X196: =Y196&"(라)" -> 69(라) | Y196: 69
A197: 36028 | B197: 오예찬 | C197: =E197&"(라)" -> 30(라) | D197: 라이브 | E197: 30 | F197: 45122 | G197: 윤수빈 | H197: 90 | I197: 80 | K197: 45118 | L197: 조용민 | M197: 60 | N197: 60 | V197: 28747 | W197: 28747 | X197: =Y197&"(라)" -> 74(라) | Y197: 74
A198: 26738 | B198: 정윤석 | C198: =E198&"(라)" -> 25(라) | D198: 라이브 | E198: 25 | F198: 45130 | G198: 배혜빈 | H198: 75 | I198: 60 | K198: 45120 | L198: 양수황 | M198: 85 | N198: 70 | V198: 36263 | W198: 36263 | X198: =Y198&"(라)" -> 67(라) | Y198: 67
A199: 26575 | B199: 이동건 | C199: =E199&"(라)" -> 80(라) | D199: 라이브 | E199: 80 | F199: 45140 | G199: 박민철 | H199: 70 | I199: 90 | K199: 45122 | L199: 윤수빈 | M199: 70 | N199: 70 | V199: 36066 | W199: 36066 | X199: =Y199&"(라)" -> 0(라) | Y199: 0
A200: 36053 | B200: 조서원 | C200: =E200&"(라)" -> 75(라) | D200: 라이브 | E200: 75 | F200: 45278 | G200: 노예빈 | H200: 95 | I200: 100 | K200: 45130 | L200: 배혜빈 | M200: 65 | N200: 60 | V200: 26717 | W200: 26717 | X200: =Y200&"(라)" -> 55(라) | Y200: 55
A201: 26524 | B201: 최성재 | C201: =E201&"(라)" -> 60(라) | D201: 라이브 | E201: 60 | F201: 45551 | G201: 최치원 | H201: 95 | I201: 70 | K201: 45140 | L201: 박민철 | M201: 80 | N201: 80 | V201: 32878 | W201: 32878 | X201: =Y201&"(라)" -> 85(라) | Y201: 85
A202: 37298 | B202: 김태훈A | C202: =E202&"(라)" -> 40(라) | D202: 라이브 | E202: 40 | F202: 49853 | G202: 이준섭 | H202: 45 | I202: 50 | K202: 45278 | L202: 노예빈 | M202: 80 | N202: 70 | V202: 26524 | W202: 26524 | X202: =Y202&"(라)" -> 86(라) | Y202: 86
A203: 36263 | B203: 이수진 | C203: =E203&"(라)" -> 50(라) | D203: 라이브 | E203: 50 | F203: 36178 | G203: 김예원 | H203: 95 | I203: 90 | J203: 성적 | K203: 45551 | L203: 최치원 | M203: 95 | N203: 80 | V203: 48537 | W203: 48537 | X203: =Y203&"(라)" -> 76(라) | Y203: 76
A204: 37128 | B204: 이승희 | C204: =E204&"(라)" -> 50(라) | D204: 라이브 | E204: 50 | F204: 21860 | G204: 김봉준 | H204: =J204&"(라)" -> 10(라) | I204: 라이브 | J204: 10 | K204: 49853 | L204: 이준섭 | M204: 45 | N204: 60 | V204: 35951 | W204: 35951 | X204: =Y204&"(라)" -> 90(라) | Y204: 90
A205: 45108 | B205: 김태현 | C205: =E205&"(라)" -> 45(라) | D205: 라이브 | E205: 45 | F205: 32848 | G205: 박연지 | H205: =J205&"(라)" -> 70(라) | I205: 라이브 | J205: 70 | K205: 22606 | L205: 이근혁 | M205: 85 | N205: 90 | V205: 21809 | W205: 21809 | X205: =Y205&"(라)" -> 78(라) | Y205: 78
A206: 48537 | B206: 전서준 | C206: =E206&"(라)" -> 80(라) | D206: 라이브 | E206: 80 | F206: 36046 | G206: 김민기 | H206: =J206&"(라)" -> 0(라) | I206: 라이브 | J206: 0 | O206: 성적 | V206: 36148 | W206: 36148 | X206: =Y206&"(라)" -> 95(라) | Y206: 95
A207: 36023 | B207: 이창현 | C207: =E207&"(라)" -> 25(라) | D207: 라이브 | E207: 25 | F207: 36025 | G207: 최준하 | H207: =J207&"(라)" -> 65(라) | I207: 라이브 | J207: 65 | K207: 18821 | L207: 최원석 | M207: =O207&"(라)" -> 80(라) | N207: 라이브 | O207: 80 | T207: 성적 | V207: 32656 | W207: 32656 | X207: =Y207&"(라)" -> 86(라) | Y207: 86
A208: 33000 | B208: 장예진 | C208: =E208&"(라)" -> 85(라) | D208: 라이브 | E208: 85 | F208: 26738 | G208: 정윤석 | H208: =J208&"(라)" -> 20(라) | I208: 라이브 | J208: 20 | K208: 32848 | L208: 박연지 | M208: =O208&"(라)" -> 15(라) | N208: 라이브 | O208: 15 | P208: 35357 | Q208: 강건욱 | R208: =T208&"(라)" -> 70(라) | S208: 라이브 | T208: 70 | V208: 36025 | W208: 36025 | X208: =Y208&"(라)" -> 85(라) | Y208: 85
A209: 28700 | B209: 김대호 | C209: =E209&"(라)" -> 95(라) | D209: 라이브 | E209: 95 | F209: 36028 | G209: 오예찬 | H209: =J209&"(라)" -> 40(라) | I209: 라이브 | J209: 40 | K209: 36028 | L209: 오예찬 | M209: =O209&"(라)" -> 50(라) | N209: 라이브 | O209: 50 | P209: 31841 | Q209: 공초연 | R209: =T209&"(라)" -> 35(라) | S209: 라이브 | T209: 35 | V209: 25278 | W209: 25278 | X209: =Y209&"(라)" -> 96(라) | Y209: 96
A210: 26671 | B210: 황호준 | C210: =E210&"(라)" -> 85(라) | D210: 라이브 | E210: 85 | F210: 35360 | G210: 구소현 | H210: =J210&"(라)" -> 75(라) | I210: 라이브 | J210: 75 | K210: 26738 | L210: 정윤석 | M210: =O210&"(라)" -> 15(라) | N210: 라이브 | O210: 15 | P210: 36169 | Q210: 권민재 | R210: =T210&"(라)" -> 20(라) | S210: 라이브 | T210: 20 | V210: 36023 | W210: 36023 | X210: =Y210&"(라)" -> 87(라) | Y210: 87
A211: 36472 | B211: 정현지 | C211: =E211&"(라)" -> 45(라) | D211: 라이브 | E211: 45 | F211: 26575 | G211: 이동건 | H211: =J211&"(라)" -> 90(라) | I211: 라이브 | J211: 90 | K211: 26573 | L211: 장수정 | M211: =O211&"(라)" -> 95(라) | N211: 라이브 | O211: 95 | P211: 30598 | Q211: 김규리 | R211: =T211&"(라)" -> 15(라) | S211: 라이브 | T211: 15 | V211: 25266 | W211: 25266 | X211: =Y211&"(라)" -> 96(라) | Y211: 96
A212: 28682 | B212: 안서진 | C212: =E212&"(라)" -> 50(라) | D212: 라이브 | E212: 50 | F212: 36665 | G212: 박예진 | H212: =J212&"(라)" -> 55(라) | I212: 라이브 | J212: 55 | K212: 26524 | L212: 최성재 | M212: =O212&"(라)" -> 65(라) | N212: 라이브 | O212: 65 | P212: 28700 | Q212: 김대호 | R212: =T212&"(라)" -> 65(라) | S212: 라이브 | T212: 65 | V212: 35951 | W212: 35951 | X212: =Y212&"(라)" -> 76(라) | Y212: 76
A213: 36025 | B213: 최준하 | C213: =E213&"(라)" -> 75(라) | D213: 라이브 | E213: 75 | F213: 36263 | G213: 이수진 | H213: =J213&"(라)" -> 25(라) | I213: 라이브 | J213: 25 | K213: 36472 | L213: 정현지 | M213: =O213&"(라)" -> 65(라) | N213: 라이브 | O213: 65 | P213: 32686 | Q213: 김동현 | R213: =T213&"(라)" -> 85(라) | S213: 라이브 | T213: 85 | V213: 33023 | W213: 33023 | X213: =Y213&"(라)" -> 72(라) | Y213: 72
A214: 24023 | B214: 홍성범 | C214: =E214&"(라)" -> 80(라) | D214: 라이브 | E214: 80 | F214: 35951 | G214: 문기환 | H214: =J214&"(라)" -> 70(라) | I214: 라이브 | J214: 70 | K214: 36263 | L214: 이수진 | M214: =O214&"(라)" -> 55(라) | N214: 라이브 | O214: 55 | P214: 39110 | Q214: 김동현A | R214: =T214&"(라)" -> 70(라) | S214: 라이브 | T214: 70 | V214: 20563 | W214: 20563 | X214: =Y214&"(라)" -> 89(라) | Y214: 89
A215: 36148 | B215: 신희정 | C215: =E215&"(라)" -> 100(라) | D215: 라이브 | E215: 100 | F215: 35951 | G215: 최성재 | H215: =J215&"(라)" -> 75(라) | I215: 라이브 | J215: 75 | K215: 37298 | L215: 김태훈A | M215: =O215&"(라)" -> 75(라) | N215: 라이브 | O215: 75 | P215: 21860 | Q215: 김봉준 | R215: =T215&"(라)" -> 30(라) | S215: 라이브 | T215: 30 | V215: 36071 | W215: 36071 | X215: =Y215&"(라)" -> 62(라) | Y215: 62
A216: 31841 | B216: 공초연 | C216: =E216&"(라)" -> 85(라) | D216: 라이브 | E216: 85 | F216: 36148 | G216: 신희정 | H216: =J216&"(라)" -> 95(라) | I216: 라이브 | J216: 95 | K216: 26671 | L216: 황호준 | M216: =O216&"(라)" -> 65(라) | N216: 라이브 | O216: 65 | P216: 25342 | Q216: 김서린 | R216: =T216&"(라)" -> 40(라) | S216: 라이브 | T216: 40 | V216: 25343 | W216: 25343 | X216: =Y216&"(라)" -> 92(라) | Y216: 92
A217: 21701 | B217: 이현지 | C217: =E217&"(라)" -> 70(라) | D217: 라이브 | E217: 70 | F217: 32869 | G217: 이태경 | H217: =J217&"(라)" -> 85(라) | I217: 라이브 | J217: 85 | K217: 36025 | L217: 최준하 | M217: =O217&"(라)" -> 65(라) | N217: 라이브 | O217: 65 | P217: 32853 | Q217: 김성수 | R217: =T217&"(라)" -> 100(라) | S217: 라이브 | T217: 100 | V217: 26736 | W217: 26736 | X217: =Y217&"(라)" -> 18(라) | Y217: 18
A218: 35357 | B218: 강건욱 | C218: =E218&"(라)" -> 80(라) | D218: 라이브 | E218: 80 | F218: 22578 | G218: 서효원 | H218: =J218&"(라)" -> 80(라) | I218: 라이브 | J218: 80 | K218: 45068 | L218: 서희주 | M218: =O218&"(라)" -> 75(라) | N218: 라이브 | O218: 75 | P218: 37298 | Q218: 김태훈A | R218: =T218&"(라)" -> 55(라) | S218: 라이브 | T218: 55 | V218: 22581 | W218: 22581 | X218: =Y218&"(라)" -> 86(라) | Y218: 86
A219: 35991 | B219: 이수민 | C219: =E219&"(라)" -> 20(라) | D219: 라이브 | E219: 20 | F219: 36053 | G219: 조서원 | H219: =J219&"(라)" -> 95(라) | I219: 라이브 | J219: 95 | K219: 36046 | L219: 김민기A | M219: =O219&"(라)" -> 0(라) | N219: 라이브 | O219: 0 | P219: 37313 | Q219: 남동현 | R219: =T219&"(라)" -> 35(라) | S219: 라이브 | T219: 35 | V219: 37298 | W219: 37298 | X219: =Y219&"(라)" -> 53(라) | Y219: 53
... A232: 36019 | B232: 이재욱 | C232: =E232&"(라)" -> 85(라) | D232: 라이브 | E232: 85 | F232: 32808 | G232: 이영승 | H232: =J232&"(라)" -> 70(라) | I232: 라이브 | J232: 70 | K232: 36148 | L232: 신희정 | M232: =O232&"(라)" -> 90(라) | N232: 라이브 | O232: 90 | P232: 36148 | Q232: 신희정 | R232: =T232&"(라)" -> 65(라) | S232: 라이브 | T232: 65 | V232: 25024 | W232: 25024 | X232: =Y232&"(라)" -> 94(라) | Y232: 94
A233: 25024 | B233: 이민주 | C233: 90(라) | D233: 라이브 | E233: 90 | F233: 26736 | G233: 하정석 | H233: =J233&"(라)" -> 45(라) | I233: 라이브 | J233: 45 | K233: 22578 | L233: 서효원 | M233: =O233&"(라)" -> 60(라) | N233: 라이브 | O233: 60 | P233: 28682 | Q233: 안서진 | R233: =T233&"(라)" -> 45(라) | S233: 라이브 | T233: 45 | V233: 25342 | W233: 25342 | X233: =Y233&"(라)" -> 49(라) | Y233: 49
A234: 25342 | B234: 김서린 | C234: 30(라) | D234: 라이브 | E234: 30 | F234: 36000 | G234: 박준영 | H234: =J234&"(라)" -> 85(라) | I234: 라이브 | J234: 85 | K234: 45102 | L234: 정성태 | M234: =O234&"(라)" -> 85(라) | N234: 라이브 | O234: 85 | P234: 22581 | Q234: 안욱근 | R234: =T234&"(라)" -> 60(라) | S234: 라이브 | T234: 60 | V234: 24384 | W234: 24384 | X234: =Y234&"(라)" -> 98(라) | Y234: 98
A235: 25343 | B235: 이소정 | C235: 65(라) | D235: 라이브 | E235: 65 | F235: 22581 | G235: 안욱근 | H235: =J235&"(라)" -> 90(라) | I235: 라이브 | J235: 90 | K235: 35982 | L235: 박성민 | M235: =O235&"(라)" -> 15(라) | N235: 라이브 | O235: 15 | P235: 36028 | Q235: 오예찬 | R235: =T235&"(라)" -> 60(라) | S235: 라이브 | T235: 60 | V235: 36046 | W235: 36046 | X235: =Y235&"(라)" -> 0(라) | Y235: 0
A236: 36665 | B236: 박예진 | C236: 60(라) | D236: 라이브 | E236: 60 | F236: 33023 | G236: 정윤한 | H236: =J236&"(라)" -> 80(라) | I236: 라이브 | J236: 80 | K236: 28682 | L236: 안서진 | M236: =O236&"(라)" -> 35(라) | N236: 라이브 | O236: 35 | P236: 28747 | Q236: 오현기 | R236: =T236&"(라)" -> 60(라) | S236: 라이브 | T236: 60 | V236: 21860 | W236: 21860 | X236: =Y236&"(라)" -> 56(라) | Y236: 56
A237: 21954 | B237: 진효창 | C237: 35(라) | D237: 라이브 | E237: 35 | F237: 35982 | G237: 박성민 | H237: =J237&"(라)" -> 15(라) | I237: 라이브 | J237: 15 | K237: 31841 | L237: 공초연 | M237: =O237&"(라)" -> 45(라) | N237: 라이브 | O237: 45 | P237: 25113 | Q237: 우병찬 | R237: =T237&"(라)" -> 15(라) | S237: 라이브 | T237: 15 | V237: 41367 | W237: 41367 | X237: =Y237&"(라)" -> 49(라) | Y237: 49
A238: 35982 | B238: 박성민 | C238: 15(라) | D238: 라이브 | E238: 15 | F238: 35357 | G238: 강건욱 | H238: =J238&"(라)" -> 85(라) | I238: 라이브 | J238: 85 | K238: 25278 | L238: 하지원 | M238: =O238&"(라)" -> 80(라) | N238: 라이브 | O238: 80 | P238: 22576 | Q238: 유현민 | R238: =T238&"(라)" -> 30(라) | S238: 라이브 | T238: 30 | V238: 36056 | W238: 36056 | X238: =Y238&"(라)" -> 98(라) | Y238: 98
A239: 36046 | B239: 김민기A | C239: 0(라) | D239: 라이브 | E239: 0 | F239: 25024 | G239: 이민주 | H239: =J239&"(라)" -> 90(라) | I239: 라이브 | J239: 90 | K239: 24023 | L239: 홍성범 | M239: =O239&"(라)" -> 95(라) | N239: 라이브 | O239: 95 | P239: 20563 | Q239: 이건영 | R239: =T239&"(라)" -> 70(라) | S239: 라이브 | T239: 70 | V239: 25113 | W239: 25113 | X239: =Y239&"(라)" -> 9(라) | Y239: 9
A240: 25278 | B240: 하지원 | C240: 85(라) | D240: 라이브 | E240: 85 | F240: 32423 | G240: 이광훈 | H240: =J240&"(라)" -> 75(라) | I240: 라이브 | J240: 75 | K240: 32686 | L240: 김동현 | M240: =O240&"(라)" -> 85(라) | N240: 라이브 | O240: 85 | P240: 22606 | Q240: 이근혁 | R240: =T240&"(라)" -> 40(라) | S240: 라이브 | T240: 40 | V240: 26935 | W240: 26935 | X240: =Y240&"(라)" -> 52(라) | Y240: 52
A241: 26717 | B241: 류호준 | C241: 35(라) | D241: 라이브 | E241: 35 | F241: 38884 | G241: 박민준 | H241: =J241&"(라)" -> 80(라) | I241: 라이브 | J241: 80 | K241: 48537 | L241: 전서준 | M241: =O241&"(라)" -> 80(라) | N241: 라이브 | O241: 80 | P241: 26649 | Q241: 이나영 | R241: =T241&"(라)" -> 20(라) | S241: 라이브 | T241: 20 | V241: 26649 | W241: 26649 | X241: =Y241&"(라)" -> 47(라) | Y241: 47
A242: 25113 | B242: 우병찬 | C242: 20(라) | D242: 라이브 | E242: 20 | F242: 21954 | G242: 진효창 | H242: =J242&"(라)" -> 35(라) | I242: 라이브 | J242: 35 | K242: 32853 | L242: 김성수 | M242: =O242&"(라)" -> 95(라) | N242: 라이브 | O242: 95 | P242: 26575 | Q242: 이동건 | R242: =T242&"(라)" -> 80(라) | S242: 라이브 | T242: 80 | V242: 32828 | W242: 32828 | X242: =Y242&"(라)" -> 31(라) | Y242: 31
...

Sheet 4주차
A2: 4주차 | AA2: =AC2&"(라)" -> (라) | AB2: 라이브
A4: 헌법 | F4: 형소법 | K4: 형법 | P4: 경찰학 | V4: 누적모의고사
A7: 수험번호 | B7: 성명 | C7: 객관식 | D7: ox | F7: 수험번호 | G7: 성명 | H7: 객관식 | I7: ox | K7: 수험번호 | L7: 성명 | M7: 객관식 | N7: ox | P7: 수험번호 | Q7: 성명 | R7: 객관식 | S7: ox | V7: 수험번호 | W7: 성명 | X7: 객관식
A8: 41313 | B8: 배나영 | C8: 0 | D8: 70 | F8: 18821 | G8: 최원석 | H8: 75 | I8: 0
A9: 41365 | B9: 김예지 | C9: 0 | D9: 50 | F9: 22569 | G9: 김민규 | H9: 70 | I9: 80 | K9: 41492 | L9: 김민석 | M9: 탈락 | N9: 탈락 | P9: 41492 | Q9: 김민석 | R9: 탈락 | S9: 탈락 | V9: 22569 | W9: 22569 | X9: 89
A10: 26718 | B10: 이지훈 | C10: 20 | D10: 60 | F10: 22573 | G10: 문진서 | H10: 75 | I10: 100 | K10: 41266 | L10: 남규혁 | M10: 탈락 | N10: 탈락 | P10: 41266 | Q10: 남규혁 | R10: 탈락 | S10: 탈락 | V10: 22583 | W10: 22583 | X10: 90
A11: 41343 | B11: 김어진 | C11: 20 | D11: 50 | F11: 22576 | G11: 유현민 | H11: 90 | I11: 100 | K11: 18821 | L11: 최원석 | M11: 65 | N11: 80 | P11: 18821 | Q11: 최원석 | R11: 75 | S11: 100 | V11: 22594 | W11: 22594 | X11: 54
A12: 45038 | B12: 최시영 | C12: 25 | D12: 40 | F12: 22594 | G12: 임진수 | H12: 60 | I12: 30 | K12: 22569 | L12: 김민규 | M12: 90 | N12: 90 | P12: 22569 | Q12: 김민규 | R12: 80 | S12: 70 | V12: 22838 | W12: 22838 | X12: 99
A13: 28744 | B13: 박현빈 | C13: 30 | D13: 0 | F13: 22606 | G13: 이근혁 | H13: 90 | I13: 100 | K13: 22583 | L13: 김동건 | M13: 50 | N13: 0 | P13: 22583 | Q13: 김동건 | R13: 75 | S13: 0 | V13: 23915 | W13: 23915 | X13: 70
A14: 41254 | B14: 송승아 | C14: 30 | D14: 60 | F14: 22838 | G14: 배민재 | H14: 95 | I14: 100 | K14: 22594 | L14: 임진수 | M14: 70 | N14: 40 | P14: 22594 | Q14: 임진수 | R14: 45 | S14: 60 | V14: 24108 | W14: 24108 | X14: 58
A15: 41359 | B15: 이인호 | C15: 30 | D15: 50 | F15: 23915 | G15: 김수빈 | H15: 40 | I15: 60 | K15: 22838 | L15: 배민재 | M15: 90 | N15: 100 | P15: 22838 | Q15: 배민재 | R15: 80 | S15: 80 | V15: 24270 | W15: 24270 | X15: 61
A16: 41394 | B16: 정재훈 | C16: 30 | D16: 40 | F16: 24108 | G16: 이승향 | H16: 60 | I16: 50 | K16: 23915 | L16: 김수빈 | M16: 50 | N16: 70 | P16: 23915 | Q16: 김수빈 | R16: 40 | S16: 70 | V16: 25054 | W16: 25054 | X16: 96
A17: 41460 | B17: 이채민 | C17: 30 | D17: 60 | F17: 24270 | G17: 박준우 | H17: 40 | I17: 40 | K17: 24108 | L17: 이승향 | M17: 20 | N17: 30 | P17: 24108 | Q17: 이승향 | R17: 25 | S17: 40 | V17: 25225 | W17: 25225 | X17: 39
A18: 41258 | B18: 이경훈 | C18: 35 | D18: 0 | F18: 24384 | G18: 손승효 | H18: 100 | I18: 90 | K18: 24270 | L18: 박준우 | M18: 50 | N18: 70 | P18: 24384 | Q18: 손승효 | R18: 90 | S18: 90 | V18: 25316 | W18: 25316 | X18: 90
A19: 22594 | B19: 임진수 | C19: 40 | D19: 50 | F19: 25054 | G19: 정민겸 | H19: 80 | I19: 100 | K19: 25054 | L19: 점민겸 | M19: 90 | N19: 100 | P19: 25054 | Q19: 정민검 | R19: 100 | S19: 90 | V19: 26455 | W19: 26455 | X19: 98
A20: 28705 | B20: 전민우 | C20: 40 | D20: 30 | F20: 25104 | G20: 박나현 | H20: 95 | I20: 100 | K20: 25225 | L20: 박준우 | M20: 20 | N20: 70 | P20: 25225 | Q20: 박준우 | R20: 20 | S20: 40 | V20: 26562 | W20: 26562 | X20: 95
A21: 32423 | B21: 이광훈 | C21: 40 | D21: 0 | F21: 25238 | G21: 김수진 | H21: 80 | I21: 80 | K21: 25238 | L21: 김수진 | M21: 60 | N21: 70 | P21: 25238 | Q21: 김수진 | R21: 60 | S21: 70 | V21: 26599 | W21: 26599 | X21: 93
A22: 41376 | B22: 손아림 | C22: 40 | D22: 40 | F22: 25266 | G22: 박산들 | H22: 85 | I22: 80 | K22: 25343 | L22: 이소정 | M22: 85 | N22: 90 | P22: 25343 | Q22: 이소정 | R22: 80 | S22: 80 | V22: 26657 | W22: 26657 | X22: 66
... A86: 22576 | B86: 유현민 | C86: 80 | D86: 70 | F86: 36011 | G86: 김현우 | H86: 65 | I86: 90 | K86: 36136 | L86: 안동건 | M86: 20 | N86: 0 | P86: 36140 | Q86: 최유민 | R86: 65 | S86: 80 | V86: 36170 | W86: 36170 | X86: 86
A87: 22583 | B87: 김동건 | C87: 80 | D87: 0 | F87: 36023 | H87: 65 | I87: 70 | K87: 36137 | L87: 손영현 | M87: 70 | N87: 80 | P87: 36165 | Q87: 배인영 | R87: 80 | S87: 80 | V87: 36178 | W87: 36178 | X87: 99
A88: 25316 | B88: 최원철 | C88: 80 | D88: 50 | F88: 36029 | G88: 김승원 | H88: 95 | I88: 100 | K88: 36140 | L88: 최유민 | M88: 65 | N88: 70 | P88: 36170 | Q88: 박현진 | R88: 50 | S88: 80 | V88: 36451 | W88: 36451 | X88: 96
A89: 26455 | B89: 양소은 | C89: 80 | D89: 50 | F89: 36046 | G89: 김민기 | H89: 90 | I89: 90 | K89: 36165 | L89: 배인영 | M89: 55 | N89: 70 | P89: 36178 | Q89: 김예원 | R89: 75 | S89: 80 | V89: 36718 | W89: 36718 | X89: 95
A90: 28686 | B90: 원예정 | C90: 80 | D90: 90 | F90: 36049 | G90: 정이든 | H90: 45 | I90: 100 | K90: 36170 | L90: 박현진 | M90: 55 | N90: 60 | P90: 36451 | Q90: 김싱연 | R90: 85 | S90: 90 | V90: 37128 | W90: 37128 | X90: 67
A91: 28690 | B91: 김영서 | C91: 80 | D91: 60 | F91: 36056 | G91: 김유민 | H91: 95 | I91: 100 | K91: 36178 | L91: 김예원 | M91: 95 | N91: 90 | P91: 37133 | Q91: 권성준 | R91: 75 | S91: 70 | V91: 37133 | W91: 37133 | X91: 95
A92: 28703 | B92: 정해린 | C92: 80 | D92: 50 | F92: 36062 | G92: 장민지 | H92: 85 | I92: 100 | K92: 36451 | L92: 김승연 | M92: 80 | N92: 90 | P92: 37134 | Q92: 김동규 | R92: 95 | S92: 100 | V92: 37134 | W92: 37134 | X92: 99
A93: 32677 | B93: 김윤서 | C93: 80 | D93: 40 | F93: 36065 | G93: 박수석 | H93: 90 | I93: 60 | K93: 36718 | L93: 김아현 | M93: 85 | N93: 100 | P93: 39542 | Q93: 이동언 | R93: 85 | S93: 0 | V93: 39542 | W93: 39542 | X93: 94
A94: 32684 | B94: 박준형 | C94: 80 | D94: 80 | F94: 36071 | G94: 김지윤 | H94: 80 | I94: 90 | K94: 37133 | L94: 권성준 | M94: 95 | N94: 90 | P94: 41249 | Q94: 전현우 | R94: 50 | S94: 10 | V94: 41249 | W94: 41249 | X94: 77
A95: 34568 | B95: 이주성 | C95: 80 | D95: 70 | F95: 36073 | G95: 정애림 | H95: 95 | I95: 100 | K95: 37134 | L95: 김동규 | M95: 95 | N95: 100 | P95: 41252 | Q95: 김하은 | R95: 70 | S95: 30 | V95: 41252 | W95: 41252 | X95: 92
A96: 35414 | B96: 이정연 | C96: 80 | D96: 50 | F96: 36103 | G96: 김건희 | H96: 55 | I96: 50 | K96: 39542 | L96: 이동언 | M96: 75 | N96: 90 | P96: 41254 | Q96: 송승아 | R96: 40 | S96: 30 | V96: 41254 | W96: 41254 | X96: 64
A97: 36071 | B97: 김지윤 | C97: 80 | D97: 60 | F97: 36106 | G97: 김민진 | H97: 80 | I97: 100 | K97: 41252 | L97: 김하은 | M97: 40 | N97: 0 | P97: 41268 | Q97: 박혜주 | R97: 45 | S97: 30 | V97: 41258 | W97: 41258 | X97: 66
A98: 36106 | B98: 김민진 | C98: 80 | D98: 50 | F98: 36132 | G98: 최세나 | H98: 85 | I98: 90 | K98: 41254 | L98: 송승아 | M98: 45 | N98: 40 | P98: 41273 | Q98: 고윤솔 | R98: 75 | S98: 40 | V98: 41268 | W98: 41268 | X98: 68
A99: 41273 | B99: 고윤솔 | C99: 80 | D99: 40 | F99: 36136 | G99: 안동건 | H99: 20 | I99: 0 | K99: 41268 | L99: 박혜주 | M99: 50 | N99: 70 | P99: 41274 | Q99: 장재명 | R99: 60 | S99: 60 | V99: 41273 | W99: 41273 | X99: 81
... A135: 26562 | B135: 하채영 | C135: 90 | D135: 40 | F135: 41353 | G135: 김서현 | H135: 65 | I135: 60 | K135: 41450 | L135: 김성하 | M135: 40 | N135: 0 | P135: 41494 | Q135: 김수민 | R135: 75 | S135: 80 | V135: 41450 | W135: 41450 | X135: 57
A136: 26646 | C136: 90 | D136: 60 | F136: 41359 | G136: 이인호 | H136: 30 | I136: 30 | K136: 41455 | L136: 시민경 | M136: 50 | N136: 60 | P136: 41532 | Q136: 방승환 | R136: 80 | S136: 60 | V136: 41459 | W136: 41459 | X136: 66
A137: 28700 | B137: 김대호 | C137: 90 | D137: 70 | F137: 41361 | G137: 김정윤 | H137: 70 | I137: 90 | K137: 41459 | L137: 김근영 | M137: 25 | N137: 50 | P137: 41539 | Q137: 우민우 | R137: 40 | S137: 40 | V137: 41460 | W137: 41460 | X137: 60
A138: 28713 | B138: 박정환 | C138: 90 | D138: 90 | F138: 41363 | G138: 고건호 | H138: 50 | I138: 40 | K138: 41460 | L138: 이채민 | M138: 35 | N138: 30 | P138: 42681 | Q138: 정운주 | R138: 90 | S138: 80 | V138: 41487 | W138: 41487 | X138: 71
A139: 28722 | B139: 송영서 | C139: 90 | D139: 60 | F139: 41365 | G139: 김예지 | H139: 40 | I139: 70 | K139: 41487 | L139: 김관희 | M139: 30 | N139: 60 | P139: 43354 | Q139: 구민상 | R139: 80 | S139: 50 | V139: 41490 | W139: 41490 | X139: 85
A140: 28731 | B140: 이가은 | C140: 90 | D140: 50 | F140: 41369 | G140: 손원희 | H140: 85 | I140: 90 | K140: 41490 | L140: 김대호 | M140: 45 | N140: 70 | P140: 45038 | Q140: 최시영 | R140: 35 | S140: 50 | V140: 41494 | W140: 41494 | X140: 90
A141: 32647 | B141: 정원준 | C141: 90 | D141: 70 | F141: 41371 | G141: 한준희 | H141: 50 | I141: 50 | K141: 41494 | L141: 김수민 | M141: 95 | N141: 90 | P141: 45043 | Q141: 김이레 | R141: 85 | S141: 90 | V141: 41512 | W141: 41512 | X141: 71
A142: 32676 | B142: 이종화 | C142: 90 | D142: 90 | F142: 41372 | G142: 전해람 | H142: 60 | I142: 40 | K142: 41532 | L142: 방승환 | M142: 40 | N142: 0 | P142: 45046 | Q142: 방민호 | R142: 65 | S142: 100 | V142: 42681 | W142: 42681 | X142: 98
A143: 33596 | B143: 강동우 | C143: 90 | D143: 90 | F143: 41373 | G143: 이진수 | H143: 65 | I143: 70 | K143: 42681 | L143: 정운주 | M143: 85 | N143: 90 | P143: 45053 | Q143: 송치원 | R143: 85 | S143: 100 | V143: 43253 | W143: 43253 | X143: 88
A144: 35971 | B144: 김혜연 | C144: 90 | D144: 90 | F144: 41374 | G144: 이규호 | H144: 55 | I144: 60 | K144: 43354 | L144: 구민상 | M144: 70 | N144: 90 | P144: 45062 | Q144: 김건형 | R144: 90 | S144: 80 | V144: 43354 | W144: 43354 | X144: 96
A145: 36029 | B145: 김승원 | C145: 90 | D145: 80 | F145: 41375 | G145: 김찬엽 | H145: 65 | I145: 70 | K145: 45038 | L145: 최지영 | M145: 15 | N145: 60 | P145: 45064 | Q145: 김다빈 | R145: 80 | S145: 80 | V145: 45038 | W145: 45038 | X145: 72
A146: 36132 | B146: 최세나 | C146: 90 | D146: 60 | F146: 41376 | G146: 손아림 | H146: 35 | I146: 20 | K146: 45043 | L146: 김이레 | M146: 90 | N146: 100 | P146: 45066 | Q146: 정현우 | R146: 50 | S146: 70 | V146: 45043 | W146: 45043 | X146: 98
A147: 36178 | B147: 김예원 | C147: 90 | D147: 80 | F147: 41378 | G147: 임세현 | H147: 35 | I147: 70 | K147: 45046 | L147: 방민호 | M147: 50 | N147: 100 | P147: 45068 | Q147: 서희주 | R147: 55 | S147: 80 | V147: 45046 | W147: 45046 | X147: 100
A148: 37133 | B148: 권성준 | C148: 90 | D148: 70 | F148: 41379 | G148: 이정민 | H148: 80 | I148: 100 | K148: 45053 | L148: 송치원 | M148: 70 | N148: 90 | P148: 45070 | Q148: 조재준 | R148: 75 | S148: 80 | V148: 45057 | W148: 45057 | X148: 68
... A157: 18821 | B157: 최원석 | C157: 95 | D157: 70 | F157: 41450 | G157: 김성하 | H157: 55 | I157: 0 | K157: 45081 | L157: 박정민 | M157: 100 | N157: 90 | P157: 49853 | Q157: 이준섭 | R157: 50 | S157: 60 | V157: 45120 | W157: 45120 | X157: 96
A158: 28702 | B158: 윤대현 | C158: 95 | D158: 60 | F158: 41455 | G158: 시민경 | H158: 25 | I158: 60 | K158: 45083 | L158: 송수민 | M158: 70 | N158: 50 | T158: 성적 | V158: 45122 | W158: 45122 | X158: 99
A159: 28720 | B159: 기지민 | C159: 95 | D159: 40 | F159: 41459 | G159: 김근영 | H159: 75 | I159: 70 | K159: 45088 | L159: 우지원 | M159: 40 | N159: 70 | P159: 48537 | Q159: 전서준 | R159: =T159&"(라)" -> 50(라) | S159: 라이브 | T159: 50 | V159: 45130 | W159: 45130 | X159: 93
A160: 28727 | B160: 노현학 | C160: 95 | D160: 40 | F160: 41460 | G160: 이채민 | H160: 35 | I160: 50 | K160: 45118 | L160: 조용민 | M160: 40 | N160: 70 | P160: 45061 | Q160: 박윤정 | R160: =T160&"(라)" -> 85(라) | S160: 라이브 | T160: 85 | V160: 45140 | W160: 45140 | X160: 95
A161: 32664 | B161: 조철희 | C161: 95 | D161: 70 | F161: 41490 | G161: 김대호 | H161: 75 | I161: 70 | K161: 45120 | L161: 양수황 | M161: 70 | N161: 70 | P161: 26575 | Q161: 이동건 | R161: =T161&"(라)" -> 75(라) | S161: 라이브 | T161: 75 | V161: 45278 | W161: 45278 | X161: 100
A162: 32833 | B162: 강민수 | C162: 95 | D162: 90 | F162: 41494 | G162: 김수민 | H162: 75 | I162: 80 | K162: 45122 | L162: 윤수빈 | M162: 60 | N162: 70 | P162: 26524 | Q162: 최성재 | R162: =T162&"(라)" -> 55(라) | S162: 라이브 | T162: 55 | V162: 45551 | W162: 45551 | X162: 93
A163: 32844 | B163: 심현석 | C163: 95 | D163: 80 | F163: 42681 | G163: 정운주 | H163: 90 | I163: 100 | K163: 45130 | L163: 배혜빈 | M163: 25 | N163: 80 | P163: 45041 | Q163: 김민기A | R163: =T163&"(라)" -> 0(라) | S163: 라이브 | T163: 0 | V163: 49853 | W163: 49853 | X163: 63
A164: 32847 | B164: 정시은 | C164: 95 | D164: 90 | F164: 43253 | G164: 신승규 | H164: 75 | I164: 100 | K164: 45140 | L164: 박민철 | M164: 65 | N164: 90 | P164: 36025 | Q164: 최준하 | R164: =T164&"(라)" -> 30(라) | S164: 라이브 | T164: 30
A165: 33035 | B165: 박서안 | C165: 95 | D165: 60 | F165: 43354 | G165: 구민상 | H165: 60 | I165: 100 | K165: 45278 | L165: 노예빈 | M165: 80 | N165: 90 | P165: 36028 | Q165: 오예찬 | R165: =T165&"(라)" -> 45(라) | S165: 라이브 | T165: 45 | V165: 26524 | W165: 26524 | X165: =Y165&"(라)" -> 50(라) | Y165: 50
A166: 36073 | B166: 정애림 | C166: 95 | D166: 70 | F166: 45038 | G166: 최시영 | H166: 45 | I166: 40 | K166: 45551 | L166: 최치원 | M166: 85 | N166: 80 | P166: 32853 | Q166: 김성수 | R166: =T166&"(라)" -> 90(라) | S166: 라이브 | T166: 90 | V166: 36028 | W166: 36028 | X166: =Y166&"(라)" -> 57(라) | Y166: 57
A167: 37134 | B167: 김동규 | C167: 95 | D167: 90 | F167: 45043 | G167: 김이레 | H167: 90 | I167: 100 | K167: 49853 | L167: 이준섭 | M167: 40 | N167: 60 | P167: 22573 | Q167: 문진서 | R167: =T167&"(라)" -> 100(라) | S167: 라이브 | T167: 100 | V167: 32853 | W167: 32853 | X167: =Y167&"(라)" -> 97(라) | Y167: 97
A168: 39542 | B168: 이동언 | C168: 95 | D168: 50 | F168: 45046 | G168: 방민호 | H168: 85 | I168: 90 | P168: 32869 | Q168: 이태경 | R168: =T168&"(라)" -> 35(라) | S168: 라이브 | T168: 35 | V168: 26575 | W168: 26575 | X168: =Y168&"(라)" -> 86(라) | Y168: 86
A169: 41249 | B169: 전현우 | C169: 95 | D169: 50 | F169: 45053 | G169: 송치원 | H169: 80 | I169: 80 | P169: 36718 | Q169: 김아현 | R169: =T169&"(라)" -> 75(라) | S169: 라이브 | T169: 75 | V169: 26738 | W169: 26738 | X169: =Y169&"(라)" -> 53(라) | Y169: 53
A170: 41379 | B170: 이정민 | C170: 95 | D170: 70 | F170: 45057 | G170: 양준서 | H170: 65 | I170: 60 | P170: 36000 | Q170: 박준영 | R170: =T170&"(라)" -> 75(라) | S170: 라이브 | T170: 75 | V170: 41455 | W170: 41455 | X170: =Y170&"(라)" -> 75(라) | Y170: 75
A171: 45043 | B171: 김이레 | C171: 95 | D171: 80 | F171: 45061 | G171: 박윤정 | H171: 100 | I171: 70 | P171: 28727 | Q171: 노현학 | R171: =T171&"(라)" -> 35(라) | S171: 라이브 | T171: 35 | V171: 32664 | W171: 32664 | X171: =Y171&"(라)" -> 93(라) | Y171: 93
A172: 45080 | B172: 김유선 | C172: 95 | D172: 60 | F172: 45062 | G172: 김건형 | H172: 100 | I172: 100 | P172: 45049 | Q172: 심동섭 | R172: =T172&"(라)" -> 10(라) | S172: 라이브 | T172: 10 | V172: 32848 | W172: 32848 | X172: =Y172&"(라)" -> 72(라) | Y172: 72
A173: 45081 | B173: 박정민 | C173: 95 | D173: 80 | F173: 45064 | G173: 김다빈 | H173: 85 | I173: 60 | P173: 22606 | Q173: 이근혁 | R173: =T173&"(라)" -> 80(라) | S173: 라이브 | T173: 80 | V173: 41367 | W173: 41367 | X173: =Y173&"(라)" -> 71(라) | Y173: 71
A174: 45120 | B174: 양수황 | C174: 95 | D174: 60 | F174: 45066 | G174: 정현우 | H174: 80 | I174: 60 | P174: 36103 | Q174: 김건희 | R174: =T174&"(라)" -> 20(라) | S174: 라이브 | T174: 20 | V174: 21860 | W174: 21860 | X174: =Y174&"(라)" -> 51(라) | Y174: 51
A175: 36062 | B175: 장민지 | C175: 100 | D175: 30 | F175: 45068 | G175: 서희주 | H175: 60 | I175: 90 | P175: 31841 | Q175: 공초연 | R175: =T175&"(라)" -> 45(라) | S175: 라이브 | T175: 45 | V175: 35951 | W175: 35951 | X175: =Y175&"(라)" -> 85(라) | Y175: 85
A176: 41361 | B176: 김정윤 | C176: 100 | D176: 70 | F176: 45070 | G176: 조재준 | H176: 60 | I176: 70 | P176: 21809 | Q176: 전한나 | R176: =T176&"(라)" -> 35(라) | S176: 라이브 | T176: 35 | V176: 36263 | W176: 36263 | X176: =Y176&"(라)" -> 59(라) | Y176: 59
F177: 45078 | G177: 이윤제 | H177: 90 | I177: 100 | P177: 41455 | Q177: 시민경 | R177: =T177&"(라)" -> 35(라) | S177: 라이브 | T177: 35 | V177: 36019 | W177: 36019 | X177: =Y177&"(라)" -> 93(라) | Y177: 93
F178: 45081 | G178: 박정민 | H178: 95 | I178: 90 | P178: 25342 | Q178: 김서린 | R178: =T178&"(라)" -> 25(라) | S178: 라이브 | T178: 25 | V178: 36025 | W178: 36025 | X178: =Y178&"(라)" -> 71(라) | Y178: 71
F179: 45083 | G179: 송수민 | H179: 70 | I179: 90 | P179: 25113 | Q179: 우병찬 | R179: =T179&"(라)" -> 5(라) | S179: 라이브 | T179: 5 | V179: 28747 | W179: 28747 | X179: =Y179&"(라)" -> 58(라) | Y179: 58
F180: 45086 | G180: 박찬호 | H180: 65 | I180: 60 | P180: 37313 | Q180: 남동현 | R180: =T180&"(라)" -> 40(라) | S180: 라이브 | T180: 40 | V180: 25266 | W180: 25266 | X180: =Y180&"(라)" -> 92(라) | Y180: 92
F181: 45088 | G181: 우지윈 | H181: 45 | I181: 30 | P181: 45086 | Q181: 박찬호 | R181: =T181&"(라)" -> 40(라) | S181: 라이브 | T181: 40 | V181: 35982 | W181: 35982 | X181: =Y181&"(라)" -> 3(라) | Y181: 3
E182: 성적 | F182: 45118 | G182: 조용민 | H182: 65 | I182: 50 | P182: 20563 | Q182: 이건영 | R182: =T182&"(라)" -> 75(라) | S182: 라이브 | T182: 75 | V182: 36148 | W182: 36148 | X182: =Y182&"(라)" -> 94(라) | Y182: 94
A183: 48537 | B183: 전서준 | C183: =E183&"(라)" -> 55(라) | D183: 라이브 | E183: 55 | F183: 45120 | G183: 양수황 | H183: 70 | I183: 70 | P183: 25104 | Q183: 박나현 | R183: =T183&"(라)" -> 85(라) | S183: 라이브 | T183: 85 | V183: 32684 | W183: 32684 | X183: =Y183&"(라)" -> 93(라) | Y183: 93
A184: 32686 | B184: 김동현 | C184: =E184&"(라)" -> 75(라) | D184: 라이브 | E184: 75 | F184: 45122 | G184: 윤수빈 | H184: 80 | I184: 60 | P184: 21701 | Q184: 이현지 | R184: =T184&"(라)" -> 85(라) | S184: 라이브 | T184: 85 | V184: 32869 | W184: 32869 | X184: =Y184&"(라)" -> 75(라) | Y184: 75
A185: 26935 | B185: 전재민 | C185: =E185&"(라)" -> 30(라) | D185: 라이브 | E185: 30 | F185: 45130 | G185: 배혜빈 | H185: 75 | I185: 70 | P185: 39615 | Q185: 홍준석 | R185: =T185&"(라)" -> 65(라) | S185: 라이브 | T185: 65 | V185: 20563 | W185: 20563 | X185: =Y185&"(라)" -> 83(라) | Y185: 83
A186: 36167 | B186: 권원대 | C186: =E186&"(라)" -> 85(라) | D186: 라이브 | E186: 85 | F186: 45140 | G186: 박민철 | H186: 75 | I186: 90 | P186: 32814 | Q186: 정세진 | R186: =T186&"(라)" -> 80(라) | S186: 라이브 | T186: 80 | V186: 26671 | W186: 26671 | X186: =Y186&"(라)" -> 84(라) | Y186: 84
A187: 26575 | B187: 이동건 | C187: =E187&"(라)" -> 80(라) | D187: 라이브 | E187: 80 | F187: 45278 | G187: 노예빈 | H187: 75 | I187: 90 | P187: 28729 | Q187: 홍승원 | R187: =T187&"(라)" -> 40(라) | S187: 라이브 | T187: 40 | V187: 21809 | W187: 21809 | X187: =Y187&"(라)" -> 62(라) | Y187: 62
A188: 36025 | B188: 최준하 | C188: =E188&"(라)" -> 65(라) | D188: 라이브 | E188: 65 | F188: 45551 | G188: 최치원 | H188: 85 | I188: 70 | P188: 32686 | Q188: 김동현 | R188: =T188&"(라)" -> 85(라) | S188: 라이브 | T188: 85 | V188: 25238 | W188: 25238 | X188: =Y188&"(라)" -> 84(라) | Y188: 84
A189: 25266 | B189: 박산들 | C189: =E189&"(라)" -> 75(라) | D189: 라이브 | E189: 75 | F189: 49853 | G189: 이준섭 | H189: 25 | I189: 70 | P189: 25266 | Q189: 박산들 | R189: =T189&"(라)" -> 70(라) | S189: 라이브 | T189: 70 | V189: 45102 | W189: 45102 | X189: =Y189&"(라)" -> 96(라) | Y189: 96
A190: 26738 | B190: 정윤석 | C190: =E190&"(라)" -> 35(라) | D190: 라이브 | E190: 35 | P190: 36148 | Q190: 신희정 | R190: =T190&"(라)" -> 55(라) | S190: 라이브 | T190: 55 | V190: 33023 | W190: 33023 | X190: =Y190&"(라)" -> 59(라) | Y190: 59
A191: 37128 | B191: 이승희 | C191: =E191&"(라)" -> 45(라) | D191: 라이브 | E191: 45 | J191: 성적 | O191: 성적 | P191: 37298 | Q191: 김태훈A | R191: =T191&"(라)" -> 35(라) | S191: 라이브 | T191: 35 | V191: 35980 | W191: 35980 | X191: =Y191&"(라)" -> 92(라) | Y191: 92
A192: 32869 | B192: 이태경 | C192: =E192&"(라)" -> 30(라) | D192: 라이브 | E192: 30 | F192: 36111 | G192: 심희은 | H192: =J192&"(라)" -> 45(라) | I192: 라이브 | J192: 45 | K192: 32655 | L192: 이상민 | M192: =O192&"(라)" -> 20(라) | N192: 라이브 | O192: 20 | P192: 26671 | Q192: 황호준 | R192: =T192&"(라)" -> 75(라) | S192: 라이브 | T192: 75 | V192: 45078 | W192: 45078 | X192: =Y192&"(라)" -> 95(라) | Y192: 95
A193: 36028 | B193: 오예찬 | C193: =E193&"(라)" -> 40(라) | D193: 라이브 | E193: 40 | F193: 28700 | G193: 김대호 | H193: =J193&"(라)" -> 85(라) | I193: 라이브 | J193: 85 | K193: 36111 | L193: 심희은 | M193: =O193&"(라)" -> 45(라) | N193: 라이브 | O193: 45 | P193: 33023 | Q193: 정윤한 | R193: =T193&"(라)" -> 45(라) | S193: 라이브 | T193: 45 | V193: 45064 | W193: 45064 | X193: =Y193&"(라)" -> 93(라) | Y193: 93
A194: 32878 | B194: 이영준 | C194: =E194&"(라)" -> 65(라) | D194: 라이브 | E194: 65 | F194: 21701 | G194: 이현지 | H194: =J194&"(라)" -> 70(라) | I194: 라이브 | J194: 70 | K194: 39615 | L194: 홍준석 | M194: =O194&"(라)" -> 60(라) | N194: 라이브 | O194: 60 | P194: 26738 | Q194: 정윤석 | R194: =T194&"(라)" -> 30(라) | S194: 라이브 | T194: 30 | V194: 36472 | W194: 36472 | X194: =Y194&"(라)" -> 60(라) | Y194: 60
A195: 28729 | B195: 홍승원 | C195: =E195&"(라)" -> 50(라) | D195: 라이브 | E195: 50 | F195: 41367 | G195: 최가연 | H195: =J195&"(라)" -> 60(라) | I195: 라이브 | J195: 60 | K195: 26575 | L195: 이동건 | M195: =O195&"(라)" -> 95(라) | N195: 라이브 | O195: 95 | P195: 36168 | Q195: 서아희 | R195: =T195&"(라)" -> 95(라) | S195: 라이브 | T195: 95 | V195: 38884 | W195: 38884 | X195: =Y195&"(라)" -> 87(라) | Y195: 87
A196: 33000 | B196: 장예진 | C196: =E196&"(라)" -> 90(라) | D196: 라이브 | E196: 90 | F196: 36025 | G196: 최준하 | H196: =J196&"(라)" -> 45(라) | I196: 라이브 | J196: 45 | K196: 36028 | L196: 오예찬 | M196: =O196&"(라)" -> 30(라) | N196: 라이브 | O196: 30 | P196: 28682 | Q196: 안서진 | R196: =T196&"(라)" -> 35(라) | S196: 라이브 | T196: 35 | V196: 32660 | W196: 32660 | X196: =Y196&"(라)" -> 91(라) | Y196: 91
A197: 26649 | B197: 이나영 | C197: =E197&"(라)" -> 70(라) | D197: 라이브 | E197: 70 | F197: 32848 | G197: 박연지 | H197: =J197&"(라)" -> 75(라) | I197: 라이브 | J197: 75 | K197: 37128 | L197: 이승희 | M197: =O197&"(라)" -> 90(라) | N197: 라이브 | O197: 90 | P197: 45102 | Q197: 정성태 | R197: =T197&"(라)" -> 80(라) | S197: 라이브 | T197: 80 | V197: 25113 | W197: 25113 | X197: =Y197&"(라)" -> 16(라) | Y197: 16
A198: 35360 | B198: 구소현 | C198: =E198&"(라)" -> 80(라) | D198: 라이브 | E198: 80 | F198: 36028 | G198: 오예찬 | H198: =J198&"(라)" -> 20(라) | I198: 라이브 | J198: 20 | K198: 36053 | L198: 조서원 | M198: =O198&"(라)" -> 15(라) | N198: 라이브 | O198: 15 | P198: 36141 | Q198: 권경희 | R198: =T198&"(라)" -> 70(라) | S198: 라이브 | T198: 70 | V198: 36000 | W198: 36000 | X198: =Y198&"(라)" -> 88(라) | Y198: 88
A199: 36472 | B199: 정현지 | C199: =E199&"(라)" -> 30(라) | D199: 라이브 | E199: 30 | F199: 26738 | G199: 정윤석 | H199: =J199&"(라)" -> 15(라) | I199: 라이브 | J199: 15 | K199: 26738 | L199: 정윤석 | M199: =O199&"(라)" -> 20(라) | N199: 라이브 | O199: 20 | P199: 41313 | Q199: 배나영 | R199: =T199&"(라)" -> 60(라) | S199: 라이브 | T199: 60 | V199: 45061 | W199: 45061 | X199: =Y199&"(라)" -> 96(라) | Y199: 96
A200: 36023 | B200: 이창현 | C200: =E200&"(라)" -> 45(라) | D200: 라이브 | E200: 45 | F200: 36019 | G200: 이재욱 | H200: =J200&"(라)" -> 85(라) | I200: 라이브 | J200: 85 | K200: 41367 | L200: 최가연 | M200: =O200&"(라)" -> 100(라) | N200: 라이브 | O200: 100 | P200: 41367 | Q200: 최가연 | R200: =T200&"(라)" -> 60(라) | S200: 라이브 | T200: 60 | V200: 36071 | W200: 36071 | X200: =Y200&"(라)" -> 90(라) | Y200: 90
A201: 36141 | B201: 권경희 | C201: =E201&"(라)" -> 90(라) | D201: 라이브 | E201: 90 | F201: 48537 | G201: 전서준 | H201: =J201&"(라)" -> 65(라) | I201: 라이브 | J201: 65 | K201: 36025 | L201: 최준하 | M201: =O201&"(라)" -> 60(라) | N201: 라이브 | O201: 60 | P201: 22578 | Q201: 서효원 | R201: =T201&"(라)" -> 50(라) | S201: 라이브 | T201: 50 | V201: 26717 | W201: 26717 | X201: =Y201&"(라)" -> 45(라) | Y201: 45
A202: 32853 | B202: 김성수 | C202: =E202&"(라)" -> 85(라) | D202: 라이브 | E202: 85 | F202: 26671 | G202: 황호준 | H202: =J202&"(라)" -> 75(라) | I202: 라이브 | J202: 75 | K202: 35357 | L202: 강건욱 | M202: =O202&"(라)" -> 95(라) | N202: 라이브 | O202: 95 | P202: 33035 | Q202: 박서안 | R202: =T202&"(라)" -> 90(라) | S202: 라이브 | T202: 90 | V202: 45108 | W202: 45108 | X202: =Y202&"(라)" -> 48(라) | Y202: 48
A203: 41369 | B203: 손원희 | C203: =E203&"(라)" -> 95(라) | D203: 라이브 | E203: 95 | F203: 31841 | G203: 공초연 | H203: =J203&"(라)" -> 75(라) | I203: 라이브 | J203: 75 | K203: 32848 | L203: 박연지 | M203: =O203&"(라)" -> 80(라) | N203: 라이브 | O203: 80 | P203: 28690 | Q203: 김영서 | R203: =T203&"(라)" -> 40(라) | S203: 라이브 | T203: 40 | V203: 45049 | W203: 45049 | X203: =Y203&"(라)" -> 42(라) | Y203: 42
... A227: 39110 | B227: 김동현A | C227: =E227&"(라)" -> 80(라) | D227: 라이브 | E227: 80 | F227: 38884 | G227: 박민준 | H227: =J227&"(라)" -> 40(라) | I227: 라이브 | J227: 40 | K227: 45102 | L227: 정성태 | M227: =O227&"(라)" -> 75(라) | N227: 라이브 | O227: 75 | P227: 35991 | Q227: 이수민 | R227: =T227&"(라)" -> 20(라) | S227: 라이브 | T227: 20 | V227: 45041 | W227: 45041 | X227: =Y227&"(라)" -> 0(라) | Y227: 0
A228: 36665 | B228: 박예진 | C228: =E228&"(라)" -> 45(라) | D228: 라이브 | E228: 45 | F228: 26524 | G228: 최성재 | H228: =J228&"(라)" -> 35(라) | I228: 라이브 | J228: 35 | K228: 28747 | L228: 오현기 | M228: =O228&"(라)" -> 40(라) | N228: 라이브 | O228: 40 | P228: 41258 | Q228: 이경훈 | R228: =T228&"(라)" -> 20(라) | S228: 라이브 | T228: 20 | V228: 18821 | W228: 18821 | X228: 97
A229: 22581 | B229: 안욱근 | C229: =E229&"(라)" -> 90(라) | D229: 라이브 | E229: 90 | F229: 21954 | G229: 진효창 | H229: =J229&"(라)" -> 25(라) | I229: 라이브 | J229: 25 | K229: 32853 | L229: 김성수 | M229: =O229&"(라)" -> 90(라) | N229: 라이브 | O229: 90 | P229: 35357 | Q229: 강건욱 | R229: =T229&"(라)" -> 5(라) | S229: 라이브 | T229: 5 | V229: 28729 | W229: 28729 | X229: 76
A230: 21954 | B230: 진효창 | C230: =E230&"(라)" -> 30(라) | D230: 라이브 | E230: 30 | K230: 36141 | L230: 권경희 | M230: =O230&"(라)" -> 50(라) | N230: 라이브 | O230: 50
A231: 36053 | B231: 조서원 | C231: =E231&"(라)" -> 35(라) | D231: 라이브 | E231: 35 | F231: 25278 | G231: 하지원 | H231: =J231&"(라)" -> 85(라) | I231: 라이브 | J231: 85 | K231: 25024 | L231: 이민주 | M231: =O231&"(라)" -> 75(라) | N231: 라이브 | O231: 75
A232: 21889 | B232: 이동근 | C232: =E232&"(라)" -> 15(라) | D232: 라이브 | E232: 15 | F232: 26717 | G232: 류호준 | H232: =J232&"(라)" -> 20(라) | I232: 라이브 | J232: 20 | K232: 36168 | L232: 서아희 | M232: =O232&"(라)" -> 80(라) | N232: 라이브 | O232: 80
A233: 30598 | B233: 김규리 | C233: =E233&"(라)" -> 10(라) | D233: 라이브 | E233: 10 | F233: 45041 | G233: 김민기A | H233: =J233&"(라)" -> 0(라) | I233: 라이브 | J233: 0 | K233: 37298 | L233: 김태훈A | M233: =O233&"(라)" -> 40(라) | N233: 라이브 | O233: 40
...

Sheet 5주차
A2: 5주차 | AT2: =AR2&"(라)" -> (라) | AU2: 라이브
A4: 헌법 | F4: 형소법 | K4: 한국사2 | P4: 영어2 | U4: 형법 | Z4: 헌법 | AE4: 경찰학 | AJ4: 누적
A7: 번호 | B7: 성명 | C7: 객관식 | D7: V.T | F7: 번호 | G7: 성명 | H7: 객관식 | I7: V.T. | K7: 번호 | L7: 성명 | M7: 객관식 | N7: V.T | P7: 번호 | Q7: 성명 | R7: 객관식 | S7: V.T | U7: 번호 | V7: 성명 | W7: 객관식 | X7: V.T. | Z7: 번호 | AA7: 성명 | AB7: 객관식 | AC7: V.T. | AE7: 번호 | AF7: 성명 | AG7: 객관식 | AH7: V.T | AJ7: 번호 | AK7: 성명 | AL7: 객관식 | AM7: V.T
A8: 41343 | B8: 김어진 | C8: 탈락 | D8: 탈락 | F8: 41343 | G8: 김어진 | H8: 탈락 | I8: 탈락 | U8: 41343 | V8: 김어진 | W8: 탈락 | X8: 탈락 | AE8: 41343 | AF8: 김어진 | AG8: 탈락 | AH8: 탈락 | AJ8: 41343 | AK8: 41343 | AL8: 탈락 | AM8: 탈락
A9: 45080 | B9: 김유선 | C9: 탈락 | D9: 탈락 | F9: 45080 | G9: 김유선 | H9: 탈락 | I9: 탈락 | U9: 45080 | V9: 김유선 | W9: 탈락 | X9: 탈락 | AE9: 45080 | AF9: 김유선 | AG9: 탈락 | AH9: 탈락 | AJ9: 45080 | AK9: 45080 | AL9: 탈락 | AM9: 탈락
A10: 36665 | B10: 박예진 | C10: 탈락 | D10: 탈락 | F10: 36665 | G10: 박예진 | H10: 탈락 | I10: 탈락 | U10: 36665 | V10: 박예진 | W10: 탈락 | X10: 탈락 | AE10: 36665 | AF10: 박예진 | AG10: 탈락 | AH10: 탈락 | AJ10: 36665 | AK10: 36665 | AL10: 탈락 | AM10: 탈락
A11: 22576 | B11: 유현민 | C11: 탈락 | D11: 탈락 | F11: 22576 | G11: 유현민 | H11: 탈락 | I11: 탈락 | U11: 22576 | V11: 유현민 | W11: 탈락 | X11: 탈락 | AE11: 22576 | AF11: 유현민 | AG11: 탈락 | AH11: 탈락 | AJ11: 22576 | AK11: 22576 | AL11: 탈락 | AM11: 탈락
A12: 32807 | B12: 장윤정 | C12: 탈락 | D12: 탈락 | F12: 32807 | G12: 장윤정 | H12: 탈락 | I12: 탈락 | U12: 32807 | V12: 장윤정 | W12: 탈락 | X12: 탈락 | AE12: 32807 | AF12: 장윤정 | AG12: 탈락 | AH12: 탈락 | AJ12: 32807 | AK12: 32807 | AL12: 탈락 | AM12: 탈락
A13: 21954 | B13: 진효창 | C13: 탈락 | D13: 탈락 | F13: 21954 | G13: 진효창 | H13: 탈락 | I13: 탈락 | U13: 21954 | V13: 진효창 | W13: 탈락 | X13: 탈락 | AE13: 21954 | AF13: 진효창 | AG13: 탈락 | AH13: 탈락 | AJ13: 21954 | AK13: 21954 | AL13: 탈락 | AM13: 탈락
A14: 41492 | B14: 김민석 | C14: 탈락 | D14: 탈락 | F14: 41492 | G14: 김민석 | H14: 탈락 | I14: 탈락 | U14: 41492 | V14: 김민석 | W14: 탈락 | X14: 탈락 | AE14: 41492 | AF14: 김민석 | AG14: 탈락 | AH14: 탈락 | AJ14: 41492 | AK14: 41492 | AL14: 탈락 | AM14: 탈락
A15: 41266 | B15: 남규혁 | C15: 탈락 | D15: 탈락 | F15: 41266 | G15: 남규혁 | H15: 탈락 | I15: 탈락 | U15: 41266 | V15: 남규혁 | W15: 탈락 | X15: 탈락 | AE15: 41266 | AF15: 남규혁 | AG15: 탈락 | AH15: 탈락 | AJ15: 41266 | AK15: 41266 | AL15: 탈락 | AM15: 탈락
A16: 18821 | B16: 최원석 | C16: 95 | D16: 70
A17: 22569 | B17: 김민규 | C17: 70 | D17: 70
A18: 22583 | B18: 김동건 | C18: 80 | D18: 0
A19: 22594 | B19: 임진수 | C19: 65 | D19: 50
A20: 22838 | B20: 배민재 | C20: 90 | D20: 90
A21: 23915 | B21: 김수빈 | C21: 65 | D21: 60
A22: 24108 | B22: 이승향 | C22: 60 | D22: 30
A23: 24270 | B23: 박준우 | C23: 45 | D23: 40
A24: 25054 | B24: 정민겸 | C24: 100 | D24: 80
A25: 25104 | B25: 박나현 | C25: 90 | D25: 80
A26: 25238 | B26: 김수진 | C26: 80 | D26: 90
A27: 25266 | B27: 박산들 | C27: 90 | D27: 80
... A176: 49853 | B176: 이준섭 | C176: 60 | D176: 30
E177: 성적
A178: 36028 | B178: 오예찬 | C178: =E178&"(라)" -> 50(라) | D178: 라이브 | E178: 50
A179: 36167 | B179: 권원대 | C179: =E179&"(라)" -> 85(라) | D179: 라이브 | E179: 85
A180: 26524 | B180: 최성재 | C180: =E180&"(라)" -> 90(라) | D180: 라이브 | E180: 90
A181: 22573 | B181: 문진서 | C181: =E181&"(라)" -> 100(라) | D181: 라이브 | E181: 100
A182: 36111 | B182: 심희은 | C182: =E182&"(라)" -> 70(라) | D182: 라이브 | E182: 70
A183: 32686 | B183: 김동현 | C183: =E183&"(라)" -> 80(라) | D183: 라이브 | E183: 80
A184: 26738 | B184: 정윤석 | C184: =E184&"(라)" -> 20(라) | D184: 라이브 | E184: 20
A185: 28682 | B185: 안서진 | C185: =E185&"(라)" -> 40(라) | D185: 라이브 | E185: 40
A186: 36025 | B186: 최준하 | C186: =E186&"(라)" -> 65(라) | D186: 라이브 | E186: 65
A187: 35951 | B187: 문기환 | C187: =E187&"(라)" -> 60(라) | D187: 라이브 | E187: 60
A188: 36263 | B188: 이수진 | C188: =E188&"(라)" -> 45(라) | D188: 라이브 | E188: 45
A189: 36472 | B189: 정현지 | C189: =E189&"(라)" -> 25(라) | D189: 라이브 | E189: 25
... A242: 21860 | B242: 김봉준 | C242: =E242&"(라)" -> 15(라) | D242: 라이브 | E242: 15

Sheet 성적입력란
A2: 1주차 | Z2: 2주차 | AX2: 3주차 | BW2: 4주차 | CV2: 5주차
A4: 헌법 | F4: 형소법 | K4: 형법 | P4: 경찰학 | U4: 주간_앞 | Z4: 헌법 | AE4: 형소법 | AJ4: 형법 | AO4: 경찰학 | AT4: 누적모의고사 | AX4: 헌법 | BC4: 형소법 | BH4: 형법 | BM4: 경찰학 | BR4: 누적모의고사 | BW4: 헌법 | CB4: 형소법 | CG4: 형법 | CL4: 경찰학 | CQ4: 누적모의고사 | CV4: 한국사 | DA4: 영어 | DF4: 경찰학 | DK4: 형법 | DP4: 형소법 | DU4: 주간_앞
A5: 46028 | F5: 46029 | Z5: 45979 | AE5: 45980 | AJ5: 45982 | AO5: 45985 | AT5: 45981 | AX5: 45986 | BC5: 45987 | BH5: 45989 | BM5: 45992 | BR5: 45988 | BW5: 45993 | CB5: 45994 | CG5: 45996 | CL5: 45999 | CQ5: 45995
A7: 수험번호 | B7: 성명 | C7: 객관식 | D7: O,X | F7: 수험번호 | G7: 성명 | H7: 객관식 | I7: O,X | K7: 수험번호 | L7: 성명 | M7: 객관식 | N7: O,X | P7: 수험번호 | Q7: 성명 | R7: 객관식 | S7: O,X | U7: 수험번호 | V7: 성명 | W7: 객관식 | Z7: 수험번호 | AA7: 성명 | AB7: 객관식 | AC7: O,X | AE7: 수험번호 | AF7: 성명 | AG7: 객관식 | AH7: O,X | AJ7: 수험번호 | AK7: 성명 | AL7: 객관식 | AM7: O,X | AO7: 수험번호 | AP7: 성명 | AQ7: 객관식 | AR7: O,X | AT7: 수험번호 | AU7: 성명 | AV7: 객관식 | AX7: 수험번호 | AY7: 성명 | AZ7: 객관식 | BA7: O,X | BC7: 수험번호 | BD7: 성명 | BE7: 객관식 | BF7: O,X | BH7: 수험번호 | BI7: 성명 | BJ7: 객관식 | BK7: O,X | BM7: 수험번호 | BN7: 성명 | BO7: 객관식 | BP7: O,X | BR7: 수험번호 | BS7: 성명 | BT7: 객관식 | BW7: 수험번호 | BX7: 성명 | BY7: 객관식 | BZ7: O,X | CB7: 수험번호 | CC7: 성명 | CD7: 객관식 | CE7: O,X | CG7: 수험번호 | CH7: 성명 | CI7: 객관식 | CJ7: O,X | CL7: 수험번호 | CM7: 성명 | CN7: 객관식 | CO7: O,X | CQ7: 수험번호 | CR7: 성명 | CS7: 객관식 | CV7: 수험번호 | CW7: 성명 | CX7: 객관식 | CY7: O,X | DA7: 수험번호 | DB7: 성명 | DC7: 객관식 | DD7: O,X | DF7: 수험번호 | DG7: 성명 | DH7: 객관식 | DI7: O,X | DK7: 수험번호 | DL7: 성명 | DM7: 객관식 | DN7: O,X | DP7: 수험번호 | DQ7: 성명 | DR7: 객관식 | DS7: O,X | DU7: 수험번호 | DV7: 성명 | DW7: 객관식 | DX7: O,X
A8: =수강생명단!$C4 -> 35357 | B8: =수강생명단!D4 -> 강건욱 | C8: =IFERROR(IF(VLOOKUP($A8,'1주차'!$A$5:$D$393,3,FALSE)="","",VLOOKUP($A8,'1주차'!$A$5:$D$393,3,FALSE)),"") -> 90(라) | D8: =IFERROR(IF(VLOOKUP($Q8,'1주차'!$A$5:$D$393,4,FALSE)="","",VLOOKUP($B8,'1주차'!$Q$5:$S$393,3,FALSE)),"") | F8: =수강생명단!C4 -> 35357 | G8: =수강생명단!D4 -> 강건욱 | H8: =IFERROR(IF(VLOOKUP($F8,'1주차'!$F$5:$I$393,3,FALSE)="","",VLOOKUP($F8,'1주차'!$F$5:$I$393,3,FALSE)),"") -> 95(라) | I8: =IFERROR(IF(VLOOKUP($Q8,'1주차'!$F$5:$I$393,3,FALSE)="","",VLOOKUP($B8,'1주차'!$Q$5:$S$393,3,FALSE)),"") | K8: =수강생명단!C4 -> 35357 | L8: =수강생명단!D4 -> 강건욱 | M8: =IFERROR(IF(VLOOKUP($K8,'1주차'!$K$5:$N$393,3,FALSE)="","",VLOOKUP($K8,'1주차'!$K$5:$N$393,3,FALSE)),"") -> 95(라) | N8: =IFERROR(IF(VLOOKUP($Q8,'1주차'!$N$5:$KQ$393,3,FALSE)="","",VLOOKUP($B8,'1주차'!$Q$5:$S$393,3,FALSE)),"") | P8: =수강생명단!C4 -> 35357 | Q8: =수강생명단!D4 -> 강건욱 | R8: =IFERROR(IF(VLOOKUP($P8,'1주차'!$P$5:$S$393,3,FALSE)="","",VLOOKUP($P8,'1주차'!$P$5:$S$393,3,FALSE)),"") -> 85(라) | S8: =IFERROR(IF(VLOOKUP($P8,'1주차'!$P$5:$S$393,4,FALSE)="","",VLOOKUP($P8,'1주차'!$P$5:$S$393,4,FALSE)),"") -> 라이브 | U8: =수강생명단!C4 -> 35357 | V8: =수강생명단!D4 -> 강건욱 | Z8: =수강생명단!$C4 -> 35357 | AA8: =수강생명단!D4 -> 강건욱 | AB8: =IFERROR(IF(VLOOKUP($A8,'2주차'!$A$5:$D$406,3,FALSE)="","",VLOOKUP($A8,'2주차'!$A$5:$D$406,3,FALSE)),"") | AC8: =IFERROR(VLOOKUP($Z8,'2주차'!$A$5:$D$400,4,FALSE)," ") | AE8: =수강생명단!$C4 -> 35357 | AF8: =수강생명단!D4 -> 강건욱 | AG8: =IFERROR(IF(VLOOKUP($AE8,'2주차'!$F$5:$I$406,3,FALSE)="","",VLOOKUP($F8,'2주차'!$F$5:$I$406,3,FALSE)),"") -> 95(라) | AH8: =IFERROR(VLOOKUP($AE8,'2주차'!$F$5:$I$400,4,FALSE)," ") -> 라이브 | AJ8: =수강생명단!$C4 -> 35357 | AK8: =수강생명단!D4 -> 강건욱 | AL8: =IFERROR(IF(VLOOKUP($AJ8,'2주차'!$U$5:$X$406,3,FALSE)="","",VLOOKUP($F8,'2주차'!$U$5:$X$406,3,FALSE)),"") -> 75(라) | AM8: =IFERROR(VLOOKUP($AJ8,'2주차'!$U$5:$X$400,4,FALSE)," ") -> 라이브 | AO8: =수강생명단!$C4 -> 35357 | AP8: =수강생명단!D4 -> 강건욱 | AQ8: =IFERROR(IF(VLOOKUP($AO8,'2주차'!$Z$5:$AC$406,3,FALSE)="","",VLOOKUP($AO8,'2주차'!$Z$5:$AC$406,3,FALSE)),"") -> 0(라) | AR8: =IFERROR(VLOOKUP($AO8,'2주차'!$Z$5:$AC$400,4,FALSE)," ") -> 라이브 | AT8: =수강생명단!$C4 -> 35357 | AU8: =수강생명단!C4 -> 35357 | AV8: =IFERROR(IF(VLOOKUP($AU8,'2주차'!$AF$5:$AI$406,3,FALSE)="","",VLOOKUP($AU8,'2주차'!$AF$5:$AI$406,3,FALSE)),"") | AX8: =수강생명단!$C4 -> 35357 | AY8: =수강생명단!D4 -> 강건욱 | AZ8: =IFERROR(IF(VLOOKUP($A8,'3주차'!$A$5:$D$406,3,FALSE)="","",VLOOKUP($A8,'3주차'!$A$5:$D$406,3,FALSE)),"") -> 80(라) | BA8: =IFERROR(VLOOKUP($Z8,'3주차'!$A$5:$D$400,4,FALSE)," ") -> 라이브 | BC8: =수강생명단!$C4 -> 35357 | BD8: =수강생명단!D4 -> 강건욱 | BE8: =IFERROR(IF(VLOOKUP($BC8,'3주차'!$F$5:$I$406,3,FALSE)="","",VLOOKUP($F8,'3주차'!$F$5:$I$406,3,FALSE)),"") -> 85(라) | BF8: =IFERROR(VLOOKUP($BC8,'3주차'!$F$5:$I$400,4,FALSE)," ") -> 라이브 | BH8: =수강생명단!$C4 -> 35357 | BI8: =수강생명단!D4 -> 강건욱 | BJ8: =IFERROR(IF(VLOOKUP($BH8,'3주차'!$K$5:$N$406,3,FALSE)="","",VLOOKUP($AJ8,'3주차'!$K$5:$XN$406,3,FALSE)),"") -> 100(라) | BK8: =IFERROR(VLOOKUP($BH8,'3주차'!$K$5:$N$400,4,FALSE)," ") -> 라이브 | BM8: =수강생명단!$C4 -> 35357 | BN8: =수강생명단!D4 -> 강건욱 | BO8: =IFERROR(IF(VLOOKUP($BM8,'3주차'!$P$5:$S$406,3,FALSE)="","",VLOOKUP($BM8,'3주차'!$P$5:$S$406,3,FALSE)),"") -> 70(라) | BP8: =IFERROR(VLOOKUP($BM8,'3주차'!$P$5:$S$400,4,FALSE)," ") -> 라이브 | BR8: =수강생명단!$C4 -> 35357 | BS8: =수강생명단!C4 -> 35357 | BT8: =IFERROR(IF(VLOOKUP($BS8,'3주차'!$V$5:$X$406,3,FALSE)="","",VLOOKUP($BS8,'3주차'!$V$5:$X$406,3,FALSE)),"") | BW8: =수강생명단!$C4 -> 35357 | BX8: =수강생명단!D4 -> 강건욱 | BY8: =IFERROR(IF(VLOOKUP($A8,'4주차'!$A$5:$D$406,3,FALSE)="","",VLOOKUP($A8,'4주차'!$A$5:$D$406,3,FALSE)),"") | BZ8: =IFERROR(VLOOKUP($Z8,'4주차'!$A$5:$D$400,4,FALSE)," ") | CB8: =수강생명단!$C4 -> 35357 | CC8: =수강생명단!D4 -> 강건욱 | CD8: =IFERROR(IF(VLOOKUP($BC8,'4주차'!$F$5:$I$406,3,FALSE)="","",VLOOKUP($F8,'4주차'!$F$5:$I$406,3,FALSE)),"") | CE8: =IFERROR(VLOOKUP($BC8,'4주차'!$F$5:$I$400,4,FALSE)," ") | CG8: =수강생명단!$C4 -> 35357 | CH8: =수강생명단!D4 -> 강건욱 | CI8: =IFERROR(IF(VLOOKUP($BH8,'4주차'!$K$5:$N$406,3,FALSE)="","",VLOOKUP($AJ8,'4주차'!$K$5:$WU$406,3,FALSE)),"") -> 95(라) | CJ8: =IFERROR(VLOOKUP($BH8,'4주차'!$K$5:$N$400,4,FALSE)," ") -> 라이브 | CL8: =수강생명단!$C4 -> 35357 | CM8: =수강생명단!D4 -> 강건욱 | CN8: =IFERROR(IF(VLOOKUP($BM8,'4주차'!$P$5:$S$406,3,FALSE)="","",VLOOKUP($BM8,'4주차'!$P$5:$S$406,3,FALSE)),"") -> 5(라) | CO8: =IFERROR(VLOOKUP($BM8,'4주차'!$P$5:$S$400,4,FALSE)," ") -> 라이브 | CQ8: =수강생명단!$C4 -> 35357 | CR8: =수강생명단!C4 -> 35357 | CS8: =IFERROR(IF(VLOOKUP($BS8,'4주차'!$V$5:$X$406,3,FALSE)="","",VLOOKUP($BS8,'4주차'!$V$5:$X$406,3,FALSE)),"") -> 0(라) | CV8: 1 | CW8: =수강생명단!D4 -> 강건욱 | CX8: =IFERROR(VLOOKUP($BX8,'5주차'!$B$5:$D$400,2,FALSE),"불참") -> 0(라) | CY8: =IFERROR(VLOOKUP($AY8,'5주차'!$B$5:$D$400,3,FALSE),"불참") -> 라이브 | DA8: 1 | DB8: =수강생명단!D4 -> 강건욱 | DC8: =IFERROR(VLOOKUP($CC8,'5주차'!$G$5:$I$400,2,FALSE),"불참") -> 불참 | DD8: =IFERROR(VLOOKUP($CC8,'5주차'!$G$5:$I$400,3,FALSE),"불참") -> 불참 | DF8: 1 | DG8: =수강생명단!D4 -> 강건욱 | DH8: =IFERROR(VLOOKUP($CH8,'5주차'!$V$5:$X$400,2,FALSE),"불참") -> 불참 | DI8: =IFERROR(VLOOKUP($BI8,'5주차'!$V$5:$X$400,3,FALSE),"불참") -> 불참 | DK8: 1 | DL8: =수강생명단!D4 -> 강건욱 | DM8: =IFERROR(VLOOKUP($CM8,'5주차'!$AA$5:$AC$400,2,FALSE),"불참") -> 불참 | DN8: =IFERROR(VLOOKUP($CM8,'5주차'!$AA$5:$AC$400,3,FALSE),"불참") -> 불참 | DP8: 1 | DQ8: =수강생명단!D4 -> 강건욱 | DR8: =IFERROR(VLOOKUP(#REF!,'5주차'!$AF$5:$AH$400,2,FALSE),"불참") -> 불참 | DS8: =IFERROR(VLOOKUP(#REF!,'5주차'!$AF$5:$AH$400,3,FALSE),"불참") -> 불참 | DU8: 1 | DV8: =수강생명단!C4 -> 35357 | DW8: =IFERROR(VLOOKUP($DV8,'5주차'!$AK$5:$AL$400,2,FALSE),"불참") -> 불참 | DX8: =IFERROR(VLOOKUP($DV8,'5주차'!$AK$5:$AL$400,2,FALSE),"불참") -> 불참
A9: =수강생명단!$C5 -> 33596 | B9: =수강생명단!D5 -> 강동우 | C9: =IFERROR(IF(VLOOKUP($A9,'1주차'!$A$5:$D$393,3,FALSE)="","",VLOOKUP($A9,'1주차'!$A$5:$D$393,3,FALSE)),"") -> 95 | D9: =IFERROR(IF(VLOOKUP($Q9,'1주차'!$A$5:$D$393,4,FALSE)="","",VLOOKUP($B9,'1주차'!$Q$5:$S$393,3,FALSE)),"") | F9: =수강생명단!C5 -> 33596 | G9: =수강생명단!D5 -> 강동우 | H9: =IFERROR(IF(VLOOKUP($F9,'1주차'!$F$5:$I$393,3,FALSE)="","",VLOOKUP($F9,'1주차'!$F$5:$I$393,3,FALSE)),"") -> 95 | I9: =IFERROR(IF(VLOOKUP($Q9,'1주차'!$F$5:$I$393,3,FALSE)="","",VLOOKUP($B9,'1주차'!$Q$5:$S$393,3,FALSE)),"") | K9: =수강생명단!C5 -> 33596 | L9: =수강생명단!D5 -> 강동우 | M9: =IFERROR(IF(VLOOKUP($K9,'1주차'!$K$5:$N$393,3,FALSE)="","",VLOOKUP($K9,'1주차'!$K$5:$N$393,3,FALSE)),"") -> 95 | N9: =IFERROR(IF(VLOOKUP($Q9,'1주차'!$N$5:$KQ$393,3,FALSE)="","",VLOOKUP($B9,'1주차'!$Q$5:$S$393,3,FALSE)),"") | P9: =수강생명단!C5 -> 33596 | Q9: =수강생명단!D5 -> 강동우 | R9: =IFERROR(IF(VLOOKUP($P9,'1주차'!$P$5:$S$393,3,FALSE)="","",VLOOKUP($P9,'1주차'!$P$5:$S$393,3,FALSE)),"") -> 100 | S9: =IFERROR(IF(VLOOKUP($P9,'1주차'!$P$5:$S$393,4,FALSE)="","",VLOOKUP($P9,'1주차'!$P$5:$S$393,4,FALSE)),"") -> 100 | U9: =수강생명단!C5 -> 33596 | V9: =수강생명단!D5 -> 강동우 | Z9: =수강생명단!$C5 -> 33596 | AA9: =수강생명단!D5 -> 강동우 | AB9: =IFERROR(IF(VLOOKUP($A9,'2주차'!$A$5:$D$406,3,FALSE)="","",VLOOKUP($A9,'2주차'!$A$5:$D$406,3,FALSE)),"") -> 100 | AC9: =IFERROR(VLOOKUP($Z9,'2주차'!$A$5:$D$400,4,FALSE)," ") -> 100 | AE9: =수강생명단!$C5 -> 33596 | AF9: =수강생명단!D5 -> 강동우 | AG9: =IFERROR(IF(VLOOKUP($AE9,'2주차'!$F$5:$I$406,3,FALSE)="","",VLOOKUP($F9,'2주차'!$F$5:$I$406,3,FALSE)),"") -> 95 | AH9: =IFERROR(VLOOKUP($AE9,'2주차'!$F$5:$I$400,4,FALSE)," ") -> 100 | AJ9: =수강생명단!$C5 -> 33596 | AK9: =수강생명단!D5 -> 강동우 | AL9: =IFERROR(IF(VLOOKUP($AJ9,'2주차'!$U$5:$X$406,3,FALSE)="","",VLOOKUP($F9,'2주차'!$U$5:$X$406,3,FALSE)),"") -> 95 | AM9: =IFERROR(VLOOKUP($AJ9,'2주차'!$U$5:$X$400,4,FALSE)," ") -> 100 | AO9: =수강생명단!$C5 -> 33596 | AP9: =수강생명단!D5 -> 강동우 | AQ9: =IFERROR(IF(VLOOKUP($AO9,'2주차'!$Z$5:$AC$406,3,FALSE)="","",VLOOKUP($AO9,'2주차'!$Z$5:$AC$406,3,FALSE)),"") -> 95 | AR9: =IFERROR(VLOOKUP($AO9,'2주차'!$Z$5:$AC$400,4,FALSE)," ") -> 90 | AT9: =수강생명단!$C5 -> 33596 | AU9: =수강생명단!C5 -> 33596 | AV9: =IFERROR(IF(VLOOKUP($AU9,'2주차'!$AF$5:$AI$406,3,FALSE)="","",VLOOKUP($AU9,'2주차'!$AF$5:$AI$406,3,FALSE)),"") -> 99 | AX9: =수강생명단!$C5 -> 33596 | AY9: =수강생명단!D5 -> 강동우 | AZ9: =IFERROR(IF(VLOOKUP($A9,'3주차'!$A$5:$D$406,3,FALSE)="","",VLOOKUP($A9,'3주차'!$A$5:$D$406,3,FALSE)),"") -> 90 | BA9: =IFERROR(VLOOKUP($Z9,'3주차'!$A$5:$D$400,4,FALSE)," ") -> 100 | BC9: =수강생명단!$C5 -> 33596 | BD9: =수강생명단!D5 -> 강동우 | BE9: =IFERROR(IF(VLOOKUP($BC9,'3주차'!$F$5:$I$406,3,FALSE)="","",VLOOKUP($F9,'3주차'!$F$5:$I$406,3,FALSE)),"") -> 95 | BF9: =IFERROR(VLOOKUP($BC9,'3주차'!$F$5:$I$400,4,FALSE)," ") -> 100 | BH9: =수강생명단!$C5 -> 33596 | BI9: =수강생명단!D5 -> 강동우 | BJ9: =IFERROR(IF(VLOOKUP($BH9,'3주차'!$K$5:$N$406,3,FALSE)="","",VLOOKUP($AJ9,'3주차'!$K$5:$XN$406,3,FALSE)),"") -> 100 | BK9: =IFERROR(VLOOKUP($BH9,'3주차'!$K$5:$N$400,4,FALSE)," ") -> 100 | BM9: =수강생명단!$C5 -> 33596 | BN9: =수강생명단!D5 -> 강동우 | BO9: =IFERROR(IF(VLOOKUP($BM9,'3주차'!$P$5:$S$406,3,FALSE)="","",VLOOKUP($BM9,'3주차'!$P$5:$S$406,3,FALSE)),"") -> 100 | BP9: =IFERROR(VLOOKUP($BM9,'3주차'!$P$5:$S$400,4,FALSE)," ") -> 100 | BR9: =수강생명단!$C5 -> 33596 | BS9: =수강생명단!C5 -> 33596 | BT9: =IFERROR(IF(VLOOKUP($BS9,'3주차'!$V$5:$X$406,3,FALSE)="","",VLOOKUP($BS9,'3주차'!$V$5:$X$406,3,FALSE)),"") -> 99 | BW9: =수강생명단!$C5 -> 33596 | BX9: =수강생명단!D5 -> 강동우 | BY9: =IFERROR(IF(VLOOKUP($A9,'4주차'!$A$5:$D$406,3,FALSE)="","",VLOOKUP($A9,'4주차'!$A$5:$D$406,3,FALSE)),"") -> 90 | BZ9: =IFERROR(VLOOKUP($Z9,'4주차'!$A$5:$D$400,4,FALSE)," ") -> 90 | CB9: =수강생명단!$C5 -> 33596 | CC9: =수강생명단!D5 -> 강동우 | CD9: =IFERROR(IF(VLOOKUP($BC9,'4주차'!$F$5:$I$406,3,FALSE)="","",VLOOKUP($F9,'4주차'!$F$5:$I$406,3,FALSE)),"") -> 100 | CE9: =IFERROR(VLOOKUP($BC9,'4주차'!$F$5:$I$400,4,FALSE)," ") -> 100 | CG9: =수강생명단!$C5 -> 33596 | CH9: =수강생명단!D5 -> 강동우 | CI9: =IFERROR(IF(VLOOKUP($BH9,'4주차'!$K$5:$N$406,3,FALSE)="","",VLOOKUP($AJ9,'4주차'!$K$5:$WU$406,3,FALSE)),"") -> 90 | CJ9: =IFERROR(VLOOKUP($BH9,'4주차'!$K$5:$N$400,4,FALSE)," ") -> 100 | CL9: =수강생명단!$C5 -> 33596 | CM9: =수강생명단!D5 -> 강동우 | CN9: =IFERROR(IF(VLOOKUP($BM9,'4주차'!$P$5:$S$406,3,FALSE)="","",VLOOKUP($BM9,'4주차'!$P$5:$S$406,3,FALSE)),"") -> 95 | CO9: =IFERROR(VLOOKUP($BM9,'4주차'!$P$5:$S$400,4,FALSE)," ") -> 100 | CQ9: =수강생명단!$C5 -> 33596 | CR9: =수강생명단!C5 -> 33596 | CS9: =IFERROR(IF(VLOOKUP($BS9,'4주차'!$V$5:$X$406,3,FALSE)="","",VLOOKUP($BS9,'4주차'!$V$5:$X$406,3,FALSE)),"") -> 100 | CV9: 2 | CW9: =수강생명단!D5 -> 강동우 | CX9: =IFERROR(VLOOKUP($BX9,'5주차'!$B$5:$D$400,2,FALSE),"불참") -> 95 | CY9: =IFERROR(VLOOKUP($AY9,'5주차'!$B$5:$D$400,3,FALSE),"불참") -> 100 | DA9: 2 | DB9: =수강생명단!D5 -> 강동우 | DC9: =IFERROR(VLOOKUP($CC9,'5주차'!$G$5:$I$400,2,FALSE),"불참") -> 불참 | DD9: =IFERROR(VLOOKUP($CC9,'5주차'!$G$5:$I$400,3,FALSE),"불참") -> 불참 | DF9: 2 | DG9: =수강생명단!D5 -> 강동우 | DH9: =IFERROR(VLOOKUP($CH9,'5주차'!$V$5:$X$400,2,FALSE),"불참") -> 불참 | DI9: =IFERROR(VLOOKUP($BI9,'5주차'!$V$5:$X$400,3,FALSE),"불참") -> 불참 | DK9: 2 | DL9: =수강생명단!D5 -> 강동우 | DM9: =IFERROR(VLOOKUP($CM9,'5주차'!$AA$5:$AC$400,2,FALSE),"불참") -> 불참 | DN9: =IFERROR(VLOOKUP($CM9,'5주차'!$AA$5:$AC$400,3,FALSE),"불참") -> 불참 | DP9: 2 | DQ9: =수강생명단!D5 -> 강동우 | DR9: =IFERROR(VLOOKUP(#REF!,'5주차'!$AF$5:$AH$400,2,FALSE),"불참") -> 불참 | DS9: =IFERROR(VLOOKUP(#REF!,'5주차'!$AF$5:$AH$400,3,FALSE),"불참") -> 불참 | DU9: 2 | DV9: =수강생명단!C5 -> 33596 | DW9: =IFERROR(VLOOKUP($DV9,'5주차'!$AK$5:$AL$400,2,FALSE),"불참") -> 불참 | DX9: =IFERROR(VLOOKUP($DV9,'5주차'!$AK$5:$AL$400,2,FALSE),"불참") -> 불참
A10: =수강생명단!$C6 -> 32833 | B10: =수강생명단!D6 -> 강민수 | C10: =IFERROR(IF(VLOOKUP($A10,'1주차'!$A$5:$D$393,3,FALSE)="","",VLOOKUP($A10,'1주차'!$A$5:$D$393,3,FALSE)),"") -> 100 | D10: =IFERROR(IF(VLOOKUP($Q10,'1주차'!$A$5:$D$393,4,FALSE)="","",VLOOKUP($B10,'1주차'!$Q$5:$S$393,3,FALSE)),"") | F10: =수강생명단!C6 -> 32833 | G10: =수강생명단!D6 -> 강민수 | H10: =IFERROR(IF(VLOOKUP($F10,'1주차'!$F$5:$I$393,3,FALSE)="","",VLOOKUP($F10,'1주차'!$F$5:$I$393,3,FALSE)),"") -> 100 | I10: =IFERROR(IF(VLOOKUP($Q10,'1주차'!$F$5:$I$393,3,FALSE)="","",VLOOKUP($B10,'1주차'!$Q$5:$S$393,3,FALSE)),"") | K10: =수강생명단!C6 -> 32833 | L10: =수강생명단!D6 -> 강민수 | M10: =IFERROR(IF(VLOOKUP($K10,'1주차'!$K$5:$N$393,3,FALSE)="","",VLOOKUP($K10,'1주차'!$K$5:$N$393,3,FALSE)),"") -> 95 | N10: =IFERROR(IF(VLOOKUP($Q10,'1주차'!$N$5:$KQ$393,3,FALSE)="","",VLOOKUP($B10,'1주차'!$Q$5:$S$393,3,FALSE)),"") | P10: =수강생명단!C6 -> 32833 | Q10: =수강생명단!D6 -> 강민수 | R10: =IFERROR(IF(VLOOKUP($P10,'1주차'!$P$5:$S$393,3,FALSE)="","",VLOOKUP($P10,'1주차'!$P$5:$S$393,3,FALSE)),"") -> 100 | S10: =IFERROR(IF(VLOOKUP($P10,'1주차'!$P$5:$S$393,4,FALSE)="","",VLOOKUP($P10,'1주차'!$P$5:$S$393,4,FALSE)),"") -> 100 | U10: =수강생명단!C6 -> 32833 | V10: =수강생명단!D6 -> 강민수 | Z10: =수강생명단!$C6 -> 32833 | AA10: =수강생명단!D6 -> 강민수 | AB10: =IFERROR(IF(VLOOKUP($A10,'2주차'!$A$5:$D$406,3,FALSE)="","",VLOOKUP($A10,'2주차'!$A$5:$D$406,3,FALSE)),"") -> 90 | AC10: =IFERROR(VLOOKUP($Z10,'2주차'!$A$5:$D$400,4,FALSE)," ") -> 100 | AE10: =수강생명단!$C6 -> 32833 | AF10: =수강생명단!D6 -> 강민수 | AG10: =IFERROR(IF(VLOOKUP($AE10,'2주차'!$F$5:$I$406,3,FALSE)="","",VLOOKUP($F10,'2주차'!$F$5:$I$406,3,FALSE)),"") -> 95 | AH10: =IFERROR(VLOOKUP($AE10,'2주차'!$F$5:$I$400,4,FALSE)," ") -> 100 | AJ10: =수강생명단!$C6 -> 32833 | AK10: =수강생명단!D6 -> 강민수 | AL10: =IFERROR(IF(VLOOKUP($AJ10,'2주차'!$U$5:$X$406,3,FALSE)="","",VLOOKUP($F10,'2주차'!$U$5:$X$406,3,FALSE)),"") -> 85 | AM10: =IFERROR(VLOOKUP($AJ10,'2주차'!$U$5:$X$400,4,FALSE)," ") -> 90 | AO10: =수강생명단!$C6 -> 32833 | AP10: =수강생명단!D6 -> 강민수 | AQ10: =IFERROR(IF(VLOOKUP($AO10,'2주차'!$Z$5:$AC$406,3,FALSE)="","",VLOOKUP($AO10,'2주차'!$Z$5:$AC$406,3,FALSE)),"") -> 95 | AR10: =IFERROR(VLOOKUP($AO10,'2주차'!$Z$5:$AC$400,4,FALSE)," ") -> 100 | AT10: =수강생명단!$C6 -> 32833 | AU10: =수강생명단!C6 -> 32833 | AV10: =IFERROR(IF(VLOOKUP($AU10,'2주차'!$AF$5:$AI$406,3,FALSE)="","",VLOOKUP($AU10,'2주차'!$AF$5:$AI$406,3,FALSE)),"") | AX10: =수강생명단!$C6 -> 32833 | AY10: =수강생명단!D6 -> 강민수 | AZ10: =IFERROR(IF(VLOOKUP($A10,'3주차'!$A$5:$D$406,3,FALSE)="","",VLOOKUP($A10,'3주차'!$A$5:$D$406,3,FALSE)),"") -> 90 | BA10: =IFERROR(VLOOKUP($Z10,'3주차'!$A$5:$D$400,4,FALSE)," ") -> 100 | BC10: =수강생명단!$C6 -> 32833 | BD10: =수강생명단!D6 -> 강민수 | BE10: =IFERROR(IF(VLOOKUP($BC10,'3주차'!$F$5:$I$406,3,FALSE)="","",VLOOKUP($F10,'3주차'!$F$5:$I$406,3,FALSE)),"") -> 100 | BF10: =IFERROR(VLOOKUP($BC10,'3주차'!$F$5:$I$400,4,FALSE)," ") -> 100 | BH10: =수강생명단!$C6 -> 32833 | BI10: =수강생명단!D6 -> 강민수 | BJ10: =IFERROR(IF(VLOOKUP($BH10,'3주차'!$K$5:$N$406,3,FALSE)="","",VLOOKUP($AJ10,'3주차'!$K$5:$XN$406,3,FALSE)),"") -> 100 | BK10: =IFERROR(VLOOKUP($BH10,'3주차'!$K$5:$N$400,4,FALSE)," ") -> 100 | BM10: =수강생명단!$C6 -> 32833 | BN10: =수강생명단!D6 -> 강민수 | BO10: =IFERROR(IF(VLOOKUP($BM10,'3주차'!$P$5:$S$406,3,FALSE)="","",VLOOKUP($BM10,'3주차'!$P$5:$S$406,3,FALSE)),"") -> 95 | BP10: =IFERROR(VLOOKUP($BM10,'3주차'!$P$5:$S$400,4,FALSE)," ") -> 80 | BR10: =수강생명단!$C6 -> 32833 | BS10: =수강생명단!C6 -> 32833 | BT10: =IFERROR(IF(VLOOKUP($BS10,'3주차'!$V$5:$X$406,3,FALSE)="","",VLOOKUP($BS10,'3주차'!$V$5:$X$406,3,FALSE)),"") -> 99 | BW10: =수강생명단!$C6 -> 32833 | BX10: =수강생명단!D6 -> 강민수 | BY10: =IFERROR(IF(VLOOKUP($A10,'4주차'!$A$5:$D$406,3,FALSE)="","",VLOOKUP($A10,'4주차'!$A$5:$D$406,3,FALSE)),"") -> 95 | BZ10: =IFERROR(VLOOKUP($Z10,'4주차'!$A$5:$D$400,4,FALSE)," ") -> 90 | CB10: =수강생명단!$C6 -> 32833 | CC10: =수강생명단!D6 -> 강민수 | CD10: =IFERROR(IF(VLOOKUP($BC10,'4주차'!$F$5:$I$406,3,FALSE)="","",VLOOKUP($F10,'4주차'!$F$5:$I$406,3,FALSE)),"") -> 100 | CE10: =IFERROR(VLOOKUP($BC10,'4주차'!$F$5:$I$400,4,FALSE)," ") -> 90 | CG10: =수강생명단!$C6 -> 32833 | CH10: =수강생명단!D6 -> 강민수 | CI10: =IFERROR(IF(VLOOKUP($BH10,'4주차'!$K$5:$N$406,3,FALSE)="","",VLOOKUP($AJ10,'4주차'!$K$5:$WU$406,3,FALSE)),"") -> 95 | CJ10: =IFERROR(VLOOKUP($BH10,'4주차'!$K$5:$N$400,4,FALSE)," ") -> 100 | CL10: =수강생명단!$C6 -> 32833 | CM10: =수강생명단!D6 -> 강민수 | CN10: =IFERROR(IF(VLOOKUP($BM10,'4주차'!$P$5:$S$406,3,FALSE)="","",VLOOKUP($BM10,'4주차'!$P$5:$S$406,3,FALSE)),"") | CO10: =IFERROR(VLOOKUP($BM10,'4주차'!$P$5:$S$400,4,FALSE)," ") | CQ10: =수강생명단!$C6 -> 32833 | CR10: =수강생명단!C6 -> 32833 | CS10: =IFERROR(IF(VLOOKUP($BS10,'4주차'!$V$5:$X$406,3,FALSE)="","",VLOOKUP($BS10,'4주차'!$V$5:$X$406,3,FALSE)),"") -> 98 | CV10: 3 | CW10: =수강생명단!D6 -> 강민수 | CX10: =IFERROR(VLOOKUP($BX10,'5주차'!$B$5:$D$400,2,FALSE),"불참") -> 불참 | CY10: =IFERROR(VLOOKUP($AY10,'5주차'!$B$5:$D$400,3,FALSE),"불참") -> 불참 | DA10: 3 | DB10: =수강생명단!D6 -> 강민수 | DC10: =IFERROR(VLOOKUP($CC10,'5주차'!$G$5:$I$400,2,FALSE),"불참") -> 불참 | DD10: =IFERROR(VLOOKUP($CC10,'5주차'!$G$5:$I$400,3,FALSE),"불참") -> 불참 | DF10: 3 | DG10: =수강생명단!D6 -> 강민수 | DH10: =IFERROR(VLOOKUP($CH10,'5주차'!$V$5:$X$400,2,FALSE),"불참") -> 불참 | DI10: =IFERROR(VLOOKUP($BI10,'5주차'!$V$5:$X$400,3,FALSE),"불참") -> 불참 | DK10: 3 | DL10: =수강생명단!D6 -> 강민수 | DM10: =IFERROR(VLOOKUP($CM10,'5주차'!$AA$5:$AC$400,2,FALSE),"불참") -> 불참 | DN10: =IFERROR(VLOOKUP($CM10,'5주차'!$AA$5:$AC$400,3,FALSE),"불참") -> 불참 | DP10: 3 | DQ10: =수강생명단!D6 -> 강민수 | DR10: =IFERROR(VLOOKUP(#REF!,'5주차'!$AF$5:$AH$400,2,FALSE),"불참") -> 불참 | DS10: =IFERROR(VLOOKUP(#REF!,'5주차'!$AF$5:$AH$400,3,FALSE),"불참") -> 불참 | DU10: 3 | DV10: =수강생명단!C6 -> 32833 | DW10: =IFERROR(VLOOKUP($DV10,'5주차'!$AK$5:$AL$400,2,FALSE),"불참") -> 불참 | DX10: =IFERROR(VLOOKUP($DV10,'5주차'!$AK$5:$AL$400,2,FALSE),"불참") -> 불참
A11: =수강생명단!$C7 -> 34684 | B11: =수강생명단!D7 -> 강민재 | C11: =IFERROR(IF(VLOOKUP($A11,'1주차'!$A$5:$D$393,3,FALSE)="","",VLOOKUP($A11,'1주차'!$A$5:$D$393,3,FALSE)),"") -> 90 | D11: =IFERROR(IF(VLOOKUP($Q11,'1주차'!$A$5:$D$393,4,FALSE)="","",VLOOKUP($B11,'1주차'!$Q$5:$S$393,3,FALSE)),"") | F11: =수강생명단!C7 -> 34684 | G11: =수강생명단!D7 -> 강민재 | H11: =IFERROR(IF(VLOOKUP($F11,'1주차'!$F$5:$I$393,3,FALSE)="","",VLOOKUP($F11,'1주차'!$F$5:$I$393,3,FALSE)),"") -> 95 | I11: =IFERROR(IF(VLOOKUP($Q11,'1주차'!$F$5:$I$393,3,FALSE)="","",VLOOKUP($B11,'1주차'!$Q$5:$S$393,3,FALSE)),"") | K11: =수강생명단!C7 -> 34684 | L11: =수강생명단!D7 -> 강민재 | M11: =IFERROR(IF(VLOOKUP($K11,'1주차'!$K$5:$N$393,3,FALSE)="","",VLOOKUP($K11,'1주차'!$K$5:$N$393,3,FALSE)),"") -> 95 | N11: =IFERROR(IF(VLOOKUP($Q11,'1주차'!$N$5:$KQ$393,3,FALSE)="","",VLOOKUP($B11,'1주차'!$Q$5:$S$393,3,FALSE)),"") | P11: =수강생명단!C7 -> 34684 | Q11: =수강생명단!D7 -> 강민재 | R11: =IFERROR(IF(VLOOKUP($P11,'1주차'!$P$5:$S$393,3,FALSE)="","",VLOOKUP($P11,'1주차'!$P$5:$S$393,3,FALSE)),"") -> 85 | S11: =IFERROR(IF(VLOOKUP($P11,'1주차'!$P$5:$S$393,4,FALSE)="","",VLOOKUP($P11,'1주차'!$P$5:$S$393,4,FALSE)),"") -> 80 | U11: =수강생명단!C7 -> 34684 | V11: =수강생명단!D7 -> 강민재 | Z11: =수강생명단!$C7 -> 34684 | AA11: =수강생명단!D7 -> 강민재 | AB11: =IFERROR(IF(VLOOKUP($A11,'2주차'!$A$5:$D$406,3,FALSE)="","",VLOOKUP($A11,'2주차'!$A$5:$D$406,3,FALSE)),"") -> 85 | AC11: =IFERROR(VLOOKUP($Z11,'2주차'!$A$5:$D$400,4,FALSE)," ") -> 90 | AE11: =수강생명단!$C7 -> 34684 | AF11: =수강생명단!D7 -> 강민재 | AG11: =IFERROR(IF(VLOOKUP($AE11,'2주차'!$F$5:$I$406,3,FALSE)="","",VLOOKUP($F11,'2주차'!$F$5:$I$406,3,FALSE)),"") -> 90 | AH11: =IFERROR(VLOOKUP($AE11,'2주차'!$F$5:$I$400,4,FALSE)," ") -> 60 | AJ11: =수강생명단!$C7 -> 34684 | AK11: =수강생명단!D7 -> 강민재 | AL11: =IFERROR(IF(VLOOKUP($AJ11,'2주차'!$U$5:$X$406,3,FALSE)="","",VLOOKUP($F11,'2주차'!$U$5:$X$406,3,FALSE)),"") -> 85 | AM11: =IFERROR(VLOOKUP($AJ11,'2주차'!$U$5:$X$400,4,FALSE)," ") -> 70 | AO11: =수강생명단!$C7 -> 34684 | AP11: =수강생명단!D7 -> 강민재 | AQ11: =IFERROR(IF(VLOOKUP($AO11,'2주차'!$Z$5:$AC$406,3,FALSE)="","",VLOOKUP($AO11,'2주차'!$Z$5:$AC$406,3,FALSE)),"") -> 70 | AR11: =IFERROR(VLOOKUP($AO11,'2주차'!$Z$5:$AC$400,4,FALSE)," ") -> 70 | AT11: =수강생명단!$C7 -> 34684 | AU11: =수강생명단!C7 -> 34684 | AV11: =IFERROR(IF(VLOOKUP($AU11,'2주차'!$AF$5:$AI$406,3,FALSE)="","",VLOOKUP($AU11,'2주차'!$AF$5:$AI$406,3,FALSE)),"") | AX11: =수강생명단!$C7 -> 34684 | AY11: =수강생명단!D7 -> 강민재 | AZ11: =IFERROR(IF(VLOOKUP($A11,'3주차'!$A$5:$D$406,3,FALSE)="","",VLOOKUP($A11,'3주차'!$A$5:$D$406,3,FALSE)),"") -> 100 | BA11: =IFERROR(VLOOKUP($Z11,'3주차'!$A$5:$D$400,4,FALSE)," ") -> 100 | BC11: =수강생명단!$C7 -> 34684 | BD11: =수강생명단!D7 -> 강민재 | BE11: =IFERROR(IF(VLOOKUP($BC11,'3주차'!$F$5:$I$406,3,FALSE)="","",VLOOKUP($F11,'3주차'!$F$5:$I$406,3,FALSE)),"") -> 95 | BF11: =IFERROR(VLOOKUP($BC11,'3주차'!$F$5:$I$400,4,FALSE)," ") -> 70 | BH11: =수강생명단!$C7 -> 34684 | BI11: =수강생명단!D7 -> 강민재 | BJ11: =IFERROR(IF(VLOOKUP($BH11,'3주차'!$K$5:$N$406,3,FALSE)="","",VLOOKUP($AJ11,'3주차'!$K$5:$XN$406,3,FALSE)),"") -> 90 | BK11: =IFERROR(VLOOKUP($BH11,'3주차'!$K$5:$N$400,4,FALSE)," ") -> 80 | BM11: =수강생명단!$C7 -> 34684 | BN11: =수강생명단!D7 -> 강민재 | BO11: =IFERROR(IF(VLOOKUP($BM11,'3주차'!$P$5:$S$406,3,FALSE)="","",VLOOKUP($BM11,'3주차'!$P$5:$S$406,3,FALSE)),"") -> 65 | BP11: =IFERROR(VLOOKUP($BM11,'3주차'!$P$5:$S$400,4,FALSE)," ") -> 90 | BR11: =수강생명단!$C7 -> 34684 | BS11: =수강생명단!C7 -> 34684 | BT11: =IFERROR(IF(VLOOKUP($BS11,'3주차'!$V$5:$X$406,3,FALSE)="","",VLOOKUP($BS11,'3주차'!$V$5:$X$406,3,FALSE)),"") -> 92 | BW11: =수강생명단!$C7 -> 34684 | BX11: =수강생명단!D7 -> 강민재 | BY11: =IFERROR(IF(VLOOKUP($A11,'4주차'!$A$5:$D$406,3,FALSE)="","",VLOOKUP($A11,'4주차'!$A$5:$D$406,3,FALSE)),"") -> 85 | BZ11: =IFERROR(VLOOKUP($Z11,'4주차'!$A$5:$D$400,4,FALSE)," ") -> 70 | CB11: =수강생명단!$C7 -> 34684 | CC11: =수강생명단!D7 -> 강민재 | CD11: =IFERROR(IF(VLOOKUP($BC11,'4주차'!$F$5:$I$406,3,FALSE)="","",VLOOKUP($F11,'4주차'!$F$5:$I$406,3,FALSE)),"") -> 100 | CE11: =IFERROR(VLOOKUP($BC11,'4주차'!$F$5:$I$400,4,FALSE)," ") -> 80 | CG11: =수강생명단!$C7 -> 34684 | CH11: =수강생명단!D7 -> 강민재 | CI11: =IFERROR(IF(VLOOKUP($BH11,'4주차'!$K$5:$N$406,3,FALSE)="","",VLOOKUP($AJ11,'4주차'!$K$5:$WU$406,3,FALSE)),"") -> 90 | CJ11: =IFERROR(VLOOKUP($BH11,'4주차'!$K$5:$N$400,4,FALSE)," ") -> 60 | CL11: =수강생명단!$C7 -> 34684 | CM11: =수강생명단!D7 -> 강민재 | CN11: =IFERROR(IF(VLOOKUP($BM11,'4주차'!$P$5:$S$406,3,FALSE)="","",VLOOKUP($BM11,'4주차'!$P$5:$S$406,3,FALSE)),"") -> 75 | CO11: =IFERROR(VLOOKUP($BM11,'4주차'!$P$5:$S$400,4,FALSE)," ") -> 80 | CQ11: =수강생명단!$C7 -> 34684 | CR11: =수강생명단!C7 -> 34684 | CS11: =IFERROR(IF(VLOOKUP($BS11,'4주차'!$V$5:$X$406,3,FALSE)="","",VLOOKUP($BS11,'4주차'!$V$5:$X$406,3,FALSE)),"") | CV11: 4 | CW11: =수강생명단!D7 -> 강민재 | CX11: =IFERROR(VLOOKUP($BX11,'5주차'!$B$5:$D$400,2,FALSE),"불참") -> 90 | CY11: =IFERROR(VLOOKUP($AY11,'5주차'!$B$5:$D$400,3,FALSE),"불참") -> 70 | DA11: 4 | DB11: =수강생명단!D7 -> 강민재 | DC11: =IFERROR(VLOOKUP($CC11,'5주차'!$G$5:$I$400,2,FALSE),"불참") -> 불참 | DD11: =IFERROR(VLOOKUP($CC11,'5주차'!$G$5:$I$400,3,FALSE),"불참") -> 불참 | DF11: 4 | DG11: =수강생명단!D7 -> 강민재 | DH11: =IFERROR(VLOOKUP($CH11,'5주차'!$V$5:$X$400,2,FALSE),"불참") -> 불참 | DI11: =IFERROR(VLOOKUP($BI11,'5주차'!$V$5:$X$400,3,FALSE),"불참") -> 불참 | DK11: 4 | DL11: =수강생명단!D7 -> 강민재 | DM11: =IFERROR(VLOOKUP($CM11,'5주차'!$AA$5:$AC$400,2,FALSE),"불참") -> 불참 | DN11: =IFERROR(VLOOKUP($CM11,'5주차'!$AA$5:$AC$400,3,FALSE),"불참") -> 불참 | DP11: 4 | DQ11: =수강생명단!D7 -> 강민재 | DR11: =IFERROR(VLOOKUP(#REF!,'5주차'!$AF$5:$AH$400,2,FALSE),"불참") -> 불참 | DS11: =IFERROR(VLOOKUP(#REF!,'5주차'!$AF$5:$AH$400,3,FALSE),"불참") -> 불참 | DU11: 4 | DV11: =수강생명단!C7 -> 34684 | DW11: =IFERROR(VLOOKUP($DV11,'5주차'!$AK$5:$AL$400,2,FALSE),"불참") -> 불참 | DX11: =IFERROR(VLOOKUP($DV11,'5주차'!$AK$5:$AL$400,2,FALSE),"불참") -> 불참
A12: =수강생명단!$C8 -> 41363 | B12: =수강생명단!D8 -> 고건호 | C12: =IFERROR(IF(VLOOKUP($A12,'1주차'!$A$5:$D$393,3,FALSE)="","",VLOOKUP($A12,'1주차'!$A$5:$D$393,3,FALSE)),"") -> 90 | D12: =IFERROR(IF(VLOOKUP($Q12,'1주차'!$A$5:$D$393,4,FALSE)="","",VLOOKUP($B12,'1주차'!$Q$5:$S$393,3,FALSE)),"") | F12: =수강생명단!C8 -> 41363 | G12: =수강생명단!D8 -> 고건호 | H12: =IFERROR(IF(VLOOKUP($F12,'1주차'!$F$5:$I$393,3,FALSE)="","",VLOOKUP($F12,'1주차'!$F$5:$I$393,3,FALSE)),"") -> 70 | I12: =IFERROR(IF(VLOOKUP($Q12,'1주차'!$F$5:$I$393,3,FALSE)="","",VLOOKUP($B12,'1주차'!$Q$5:$S$393,3,FALSE)),"") | K12: =수강생명단!C8 -> 41363 | L12: =수강생명단!D8 -> 고건호 | M12: =IFERROR(IF(VLOOKUP($K12,'1주차'!$K$5:$N$393,3,FALSE)="","",VLOOKUP($K12,'1주차'!$K$5:$N$393,3,FALSE)),"") -> 80 | N12: =IFERROR(IF(VLOOKUP($Q12,'1주차'!$N$5:$KQ$393,3,FALSE)="","",VLOOKUP($B12,'1주차'!$Q$5:$S$393,3,FALSE)),"") | P12: =수강생명단!C8 -> 41363 | Q12: =수강생명단!D8 -> 고건호 | R12: =IFERROR(IF(VLOOKUP($P12,'1주차'!$P$5:$S$393,3,FALSE)="","",VLOOKUP($P12,'1주차'!$P$5:$S$393,3,FALSE)),"") -> 75 | S12: =IFERROR(IF(VLOOKUP($P12,'1주차'!$P$5:$S$393,4,FALSE)="","",VLOOKUP($P12,'1주차'!$P$5:$S$393,4,FALSE)),"") -> 70 | U12: =수강생명단!C8 -> 41363 | V12: =수강생명단!D8 -> 고건호 | Z12: =수강생명단!$C8 -> 41363 | AA12: =수강생명단!D8 -> 고건호 | AB12: =IFERROR(IF(VLOOKUP($A12,'2주차'!$A$5:$D$406,3,FALSE)="","",VLOOKUP($A12,'2주차'!$A$5:$D$406,3,FALSE)),"") -> 60 | AC12: =IFERROR(VLOOKUP($Z12,'2주차'!$A$5:$D$400,4,FALSE)," ") -> 90 | AE12: =수강생명단!$C8 -> 41363 | AF12: =수강생명단!D8 -> 고건호 | AG12: =IFERROR(IF(VLOOKUP($AE12,'2주차'!$F$5:$I$406,3,FALSE)="","",VLOOKUP($F12,'2주차'!$F$5:$I$406,3,FALSE)),"") -> 80 | AH12: =IFERROR(VLOOKUP($AE12,'2주차'!$F$5:$I$400,4,FALSE)," ") -> 70 | AJ12: =수강생명단!$C8 -> 41363 | AK12: =수강생명단!D8 -> 고건호 | AL12: =IFERROR(IF(VLOOKUP($AJ12,'2주차'!$U$5:$X$406,3,FALSE)="","",VLOOKUP($F12,'2주차'!$U$5:$X$406,3,FALSE)),"") -> 55 | AM12: =IFERROR(VLOOKUP($AJ12,'2주차'!$U$5:$X$400,4,FALSE)," ") -> 40 | AO12: =수강생명단!$C8 -> 41363 | AP12: =수강생명단!D8 -> 고건호 | AQ12: =IFERROR(IF(VLOOKUP($AO12,'2주차'!$Z$5:$AC$406,3,FALSE)="","",VLOOKUP($AO12,'2주차'!$Z$5:$AC$406,3,FALSE)),"") -> 60 | AR12: =IFERROR(VLOOKUP($AO12,'2주차'!$Z$5:$AC$400,4,FALSE)," ") -> 70 | AT12: =수강생명단!$C8 -> 41363 | AU12: =수강생명단!C8 -> 41363 | AV12: =IFERROR(IF(VLOOKUP($AU12,'2주차'!$AF$5:$AI$406,3,FALSE)="","",VLOOKUP($AU12,'2주차'!$AF$5:$AI$406,3,FALSE)),"") -> 85 | AX12: =수강생명단!$C8 -> 41363 | AY12: =수강생명단!D8 -> 고건호 | AZ12: =IFERROR(IF(VLOOKUP($A12,'3주차'!$A$5:$D$406,3,FALSE)="","",VLOOKUP($A12,'3주차'!$A$5:$D$406,3,FALSE)),"") -> 85 | BA12: =IFERROR(VLOOKUP($Z12,'3주차'!$A$5:$D$400,4,FALSE)," ") -> 100 | BC12: =수강생명단!$C8 -> 41363 | BD12: =수강생명단!D8 -> 고건호 | BE12: =IFERROR(IF(VLOOKUP($BC12,'3주차'!$F$5:$I$406,3,FALSE)="","",VLOOKUP($F12,'3주차'!$F$5:$I$406,3,FALSE)),"") -> 65 | BF12: =IFERROR(VLOOKUP($BC12,'3주차'!$F$5:$I$400,4,FALSE)," ") -> 50 | BH12: =수강생명단!$C8 -> 41363 | BI12: =수강생명단!D8 -> 고건호 | BJ12: =IFERROR(IF(VLOOKUP($BH12,'3주차'!$K$5:$N$406,3,FALSE)="","",VLOOKUP($AJ12,'3주차'!$K$5:$XN$406,3,FALSE)),"") -> 65 | BK12: =IFERROR(VLOOKUP($BH12,'3주차'!$K$5:$N$400,4,FALSE)," ") -> 40 | BM12: =수강생명단!$C8 -> 41363 | BN12: =수강생명단!D8 -> 고건호 | BO12: =IFERROR(IF(VLOOKUP($BM12,'3주차'!$P$5:$S$406,3,FALSE)="","",VLOOKUP($BM12,'3주차'!$P$5:$S$406,3,FALSE)),"") -> 40 | BP12: =IFERROR(VLOOKUP($BM12,'3주차'!$P$5:$S$400,4,FALSE)," ") -> 60 | BR12: =수강생명단!$C8 -> 41363 | BS12: =수강생명단!C8 -> 41363 | BT12: =IFERROR(IF(VLOOKUP($BS12,'3주차'!$V$5:$X$406,3,FALSE)="","",VLOOKUP($BS12,'3주차'!$V$5:$X$406,3,FALSE)),"") -> 80 | BW12: =수강생명단!$C8 -> 41363 | BX12: =수강생명단!D8 -> 고건호 | BY12: =IFERROR(IF(VLOOKUP($A12,'4주차'!$A$5:$D$406,3,FALSE)="","",VLOOKUP($A12,'4주차'!$A$5:$D$406,3,FALSE)),"") -> 65 | BZ12: =IFERROR(VLOOKUP($Z12,'4주차'!$A$5:$D$400,4,FALSE)," ") -> 40 | CB12: =수강생명단!$C8 -> 41363 | CC12: =수강생명단!D8 -> 고건호 | CD12: =IFERROR(IF(VLOOKUP($BC12,'4주차'!$F$5:$I$406,3,FALSE)="","",VLOOKUP($F12,'4주차'!$F$5:$I$406,3,FALSE)),"") -> 50 | CE12: =IFERROR(VLOOKUP($BC12,'4주차'!$F$5:$I$400,4,FALSE)," ") -> 40 | CG12: =수강생명단!$C8 -> 41363 | CH12: =수강생명단!D8 -> 고건호 | CI12: =IFERROR(IF(VLOOKUP($BH12,'4주차'!$K$5:$N$406,3,FALSE)="","",VLOOKUP($AJ12,'4주차'!$K$5:$WU$406,3,FALSE)),"") -> 50 | CJ12: =IFERROR(VLOOKUP($BH12,'4주차'!$K$5:$N$400,4,FALSE)," ") -> 20 | CL12: =수강생명단!$C8 -> 41363 | CM12: =수강생명단!D8 -> 고건호 | CN12: =IFERROR(IF(VLOOKUP($BM12,'4주차'!$P$5:$S$406,3,FALSE)="","",VLOOKUP($BM12,'4주차'!$P$5:$S$406,3,FALSE)),"") | CO12: =IFERROR(VLOOKUP($BM12,'4주차'!$P$5:$S$400,4,FALSE)," ") | CQ12: =수강생명단!$C8 -> 41363 | CR12: =수강생명단!C8 -> 41363 | CS12: =IFERROR(IF(VLOOKUP($BS12,'4주차'!$V$5:$X$406,3,FALSE)="","",VLOOKUP($BS12,'4주차'!$V$5:$X$406,3,FALSE)),"") -> 66 | CV12: 5 | CW12: =수강생명단!D8 -> 고건호 | CX12: =IFERROR(VLOOKUP($BX12,'5주차'!$B$5:$D$400,2,FALSE),"불참") -> 55 | CY12: =IFERROR(VLOOKUP($AY12,'5주차'!$B$5:$D$400,3,FALSE),"불참") -> 20 | DA12: 5 | DB12: =수강생명단!D8 -> 고건호 | DC12: =IFERROR(VLOOKUP($CC12,'5주차'!$G$5:$I$400,2,FALSE),"불참") -> 불참 | DD12: =IFERROR(VLOOKUP($CC12,'5주차'!$G$5:$I$400,3,FALSE),"불참") -> 불참 | DF12: 5 | DG12: =수강생명단!D8 -> 고건호 | DH12: =IFERROR(VLOOKUP($CH12,'5주차'!$V$5:$X$400,2,FALSE),"불참") -> 불참 | DI12: =IFERROR(VLOOKUP($BI12,'5주차'!$V$5:$X$400,3,FALSE),"불참") -> 불참 | DK12: 5 | DL12: =수강생명단!D8 -> 고건호 | DM12: =IFERROR(VLOOKUP($CM12,'5주차'!$AA$5:$AC$400,2,FALSE),"불참") -> 불참 | DN12: =IFERROR(VLOOKUP($CM12,'5주차'!$AA$5:$AC$400,3,FALSE),"불참") -> 불참 | DP12: 5 | DQ12: =수강생명단!D8 -> 고건호 | DR12: =IFERROR(VLOOKUP(#REF!,'5주차'!$AF$5:$AH$400,2,FALSE),"불참") -> 불참 | DS12: =IFERROR(VLOOKUP(#REF!,'5주차'!$AF$5:$AH$400,3,FALSE),"불참") -> 불참 | DU12: 5 | DV12: =수강생명단!C8 -> 41363 | DW12: =IFERROR(VLOOKUP($DV12,'5주차'!$AK$5:$AL$400,2,FALSE),"불참") -> 불참 | DX12: =IFERROR(VLOOKUP($DV12,'5주차'!$AK$5:$AL$400,2,FALSE),"불참") -> 불참
A13: =수강생명단!$C9 -> 41273 | B13: =수강생명단!D9 -> 고윤솔 | C13: =IFERROR(IF(VLOOKUP($A13,'1주차'!$A$5:$D$393,3,FALSE)="","",VLOOKUP($A13,'1주차'!$A$5:$D$393,3,FALSE)),"") -> 75 | D13: =IFERROR(IF(VLOOKUP($Q13,'1주차'!$A$5:$D$393,4,FALSE)="","",VLOOKUP($B13,'1주차'!$Q$5:$S$393,3,FALSE)),"") | F13: =수강생명단!C9 -> 41273 | G13: =수강생명단!D9 -> 고윤솔 | H13: =IFERROR(IF(VLOOKUP($F13,'1주차'!$F$5:$I$393,3,FALSE)="","",VLOOKUP($F13,'1주차'!$F$5:$I$393,3,FALSE)),"") -> 80 | I13: =IFERROR(IF(VLOOKUP($Q13,'1주차'!$F$5:$I$393,3,FALSE)="","",VLOOKUP($B13,'1주차'!$Q$5:$S$393,3,FALSE)),"") | K13: =수강생명단!C9 -> 41273 | L13: =수강생명단!D9 -> 고윤솔 | M13: =IFERROR(IF(VLOOKUP($K13,'1주차'!$K$5:$N$393,3,FALSE)="","",VLOOKUP($K13,'1주차'!$K$5:$N$393,3,FALSE)),"") -> 80 | N13: =IFERROR(IF(VLOOKUP($Q13,'1주차'!$N$5:$KQ$393,3,FALSE)="","",VLOOKUP($B13,'1주차'!$Q$5:$S$393,3,FALSE)),"") | P13: =수강생명단!C9 -> 41273 | Q13: =수강생명단!D9 -> 고윤솔 | R13: =IFERROR(IF(VLOOKUP($P13,'1주차'!$P$5:$S$393,3,FALSE)="","",VLOOKUP($P13,'1주차'!$P$5:$S$393,3,FALSE)),"") -> 60 | S13: =IFERROR(IF(VLOOKUP($P13,'1주차'!$P$5:$S$393,4,FALSE)="","",VLOOKUP($P13,'1주차'!$P$5:$S$393,4,FALSE)),"") -> 80 | U13: =수강생명단!C9 -> 41273 | V13: =수강생명단!D9 -> 고윤솔 | Z13: =수강생명단!$C9 -> 41273 | AA13: =수강생명단!D9 -> 고윤솔 | AB13: =IFERROR(IF(VLOOKUP($A13,'2주차'!$A$5:$D$406,3,FALSE)="","",VLOOKUP($A13,'2주차'!$A$5:$D$406,3,FALSE)),"") -> 90 | AC13: =IFERROR(VLOOKUP($Z13,'2주차'!$A$5:$D$400,4,FALSE)," ") -> 80 | AE13: =수강생명단!$C9 -> 41273 | AF13: =수강생명단!D9 -> 고윤솔 | AG13: =IFERROR(IF(VLOOKUP($AE13,'2주차'!$F$5:$I$406,3,FALSE)="","",VLOOKUP($F13,'2주차'!$F$5:$I$406,3,FALSE)),"") -> 95 | AH13: =IFERROR(VLOOKUP($AE13,'2주차'!$F$5:$I$400,4,FALSE)," ") -> 70 | AJ13: =수강생명단!$C9 -> 41273 | AK13: =수강생명단!D9 -> 고윤솔 | AL13: =IFERROR(IF(VLOOKUP($AJ13,'2주차'!$U$5:$X$406,3,FALSE)="","",VLOOKUP($F13,'2주차'!$U$5:$X$406,3,FALSE)),"") -> 65 | AM13: =IFERROR(VLOOKUP($AJ13,'2주차'!$U$5:$X$400,4,FALSE)," ") -> 80 | AO13: =수강생명단!$C9 -> 41273 | AP13: =수강생명단!D9 -> 고윤솔 | AQ13: =IFERROR(IF(VLOOKUP($AO13,'2주차'!$Z$5:$AC$406,3,FALSE)="","",VLOOKUP($AO13,'2주차'!$Z$5:$AC$406,3,FALSE)),"") -> 60 | AR13: =IFERROR(VLOOKUP($AO13,'2주차'!$Z$5:$AC$400,4,FALSE)," ") -> 70 | AT13: =수강생명단!$C9 -> 41273 | AU13: =수강생명단!C9 -> 41273 | AV13: =IFERROR(IF(VLOOKUP($AU13,'2주차'!$AF$5:$AI$406,3,FALSE)="","",VLOOKUP($AU13,'2주차'!$AF$5:$AI$406,3,FALSE)),"") -> 88 | AX13: =수강생명단!$C9 -> 41273 | AY13: =수강생명단!D9 -> 고윤솔 | AZ13: =IFERROR(IF(VLOOKUP($A13,'3주차'!$A$5:$D$406,3,FALSE)="","",VLOOKUP($A13,'3주차'!$A$5:$D$406,3,FALSE)),"") -> 90 | BA13: =IFERROR(VLOOKUP($Z13,'3주차'!$A$5:$D$400,4,FALSE)," ") -> 90 | BC13: =수강생명단!$C9 -> 41273 | BD13: =수강생명단!D9 -> 고윤솔 | BE13: =IFERROR(IF(VLOOKUP($BC13,'3주차'!$F$5:$I$406,3,FALSE)="","",VLOOKUP($F13,'3주차'!$F$5:$I$406,3,FALSE)),"") -> 60 | BF13: =IFERROR(VLOOKUP($BC13,'3주차'!$F$5:$I$400,4,FALSE)," ") -> 20 | BH13: =수강생명단!$C9 -> 41273 | BI13: =수강생명단!D9 -> 고윤솔 | BJ13: =IFERROR(IF(VLOOKUP($BH13,'3주차'!$K$5:$N$406,3,FALSE)="","",VLOOKUP($AJ13,'3주차'!$K$5:$XN$406,3,FALSE)),"") -> 40 | BK13: =IFERROR(VLOOKUP($BH13,'3주차'!$K$5:$N$400,4,FALSE)," ") -> 70 | BM13: =수강생명단!$C9 -> 41273 | BN13: =수강생명단!D9 -> 고윤솔 | BO13: =IFERROR(IF(VLOOKUP($BM13,'3주차'!$P$5:$S$406,3,FALSE)="","",VLOOKUP($BM13,'3주차'!$P$5:$S$406,3,FALSE)),"") -> 50 | BP13: =IFERROR(VLOOKUP($BM13,'3주차'!$P$5:$S$400,4,FALSE)," ") -> 70 | BR13: =수강생명단!$C9 -> 41273 | BS13: =수강생명단!C9 -> 41273 | BT13: =IFERROR(IF(VLOOKUP($BS13,'3주차'!$V$5:$X$406,3,FALSE)="","",VLOOKUP($BS13,'3주차'!$V$5:$X$406,3,FALSE)),"") -> 98 | BW13: =수강생명단!$C9 -> 41273 | BX13: =수강생명단!D9 -> 고윤솔 | BY13: =IFERROR(IF(VLOOKUP($A13,'4주차'!$A$5:$D$406,3,FALSE)="","",VLOOKUP($A13,'4주차'!$A$5:$D$406,3,FALSE)),"") -> 80 | BZ13: =IFERROR(VLOOKUP($Z13,'4주차'!$A$5:$D$400,4,FALSE)," ") -> 40 | CB13: =수강생명단!$C9 -> 41273 | CC13: =수강생명단!D9 -> 고윤솔 | CD13: =IFERROR(IF(VLOOKUP($BC13,'4주차'!$F$5:$I$406,3,FALSE)="","",VLOOKUP($F13,'4주차'!$F$5:$I$406,3,FALSE)),"") -> 45 | CE13: =IFERROR(VLOOKUP($BC13,'4주차'!$F$5:$I$400,4,FALSE)," ") -> 40 | CG13: =수강생명단!$C9 -> 41273 | CH13: =수강생명단!D9 -> 고윤솔 | CI13: =IFERROR(IF(VLOOKUP($BH13,'4주차'!$K$5:$N$406,3,FALSE)="","",VLOOKUP($AJ13,'4주차'!$K$5:$WU$406,3,FALSE)),"") -> 60 | CJ13: =IFERROR(VLOOKUP($BH13,'4주차'!$K$5:$N$400,4,FALSE)," ") -> 80 | CL13: =수강생명단!$C9 -> 41273 | CM13: =수강생명단!D9 -> 고윤솔 | CN13: =IFERROR(IF(VLOOKUP($BM13,'4주차'!$P$5:$S$406,3,FALSE)="","",VLOOKUP($BM13,'4주차'!$P$5:$S$406,3,FALSE)),"") -> 75 | CO13: =IFERROR(VLOOKUP($BM13,'4주차'!$P$5:$S$400,4,FALSE)," ") -> 40 | CQ13: =수강생명단!$C9 -> 41273 | CR13: =수강생명단!C9 -> 41273 | CS13: =IFERROR(IF(VLOOKUP($BS13,'4주차'!$V$5:$X$406,3,FALSE)="","",VLOOKUP($BS13,'4주차'!$V$5:$X$406,3,FALSE)),"") -> 81 | CV13: 6 | CW13: =수강생명단!D9 -> 고윤솔 | CX13: =IFERROR(VLOOKUP($BX13,'5주차'!$B$5:$D$400,2,FALSE),"불참") -> 95 | CY13: =IFERROR(VLOOKUP($AY13,'5주차'!$B$5:$D$400,3,FALSE),"불참") -> 70 | DA13: 6 | DB13: =수강생명단!D9 -> 고윤솔 | DC13: =IFERROR(VLOOKUP($CC13,'5주차'!$G$5:$I$400,2,FALSE),"불참") -> 불참 | DD13: =IFERROR(VLOOKUP($CC13,'5주차'!$G$5:$I$400,3,FALSE),"불참") -> 불참 | DF13: 6 | DG13: =수강생명단!D9 -> 고윤솔 | DH13: =IFERROR(VLOOKUP($CH13,'5주차'!$V$5:$X$400,2,FALSE),"불참") -> 불참 | DI13: =IFERROR(VLOOKUP($BI13,'5주차'!$V$5:$X$400,3,FALSE),"불참") -> 불참 | DK13: 6 | DL13: =수강생명단!D9 -> 고윤솔 | DM13: =IFERROR(VLOOKUP($CM13,'5주차'!$AA$5:$AC$400,2,FALSE),"불참") -> 불참 | DN13: =IFERROR(VLOOKUP($CM13,'5주차'!$AA$5:$AC$400,3,FALSE),"불참") -> 불참 | DP13: 6 | DQ13: =수강생명단!D9 -> 고윤솔 | DR13: =IFERROR(VLOOKUP(#REF!,'5주차'!$AF$5:$AH$400,2,FALSE),"불참") -> 불참 | DS13: =IFERROR(VLOOKUP(#REF!,'5주차'!$AF$5:$AH$400,3,FALSE),"불참") -> 불참 | DU13: 6 | DV13: =수강생명단!C9 -> 41273 | DW13: =IFERROR(VLOOKUP($DV13,'5주차'!$AK$5:$AL$400,2,FALSE),"불참") -> 불참 | DX13: =IFERROR(VLOOKUP($DV13,'5주차'!$AK$5:$AL$400,2,FALSE),"불참") -> 불참
A14: =수강생명단!$C10 -> 41436 | B14: =수강생명단!D10 -> 고현지 | C14: =IFERROR(IF(VLOOKUP($A14,'1주차'!$A$5:$D$393,3,FALSE)="","",VLOOKUP($A14,'1주차'!$A$5:$D$393,3,FALSE)),"") -> 70 | D14: =IFERROR(IF(VLOOKUP($Q14,'1주차'!$A$5:$D$393,4,FALSE)="","",VLOOKUP($B14,'1주차'!$Q$5:$S$393,3,FALSE)),"") | F14: =수강생명단!C10 -> 41436 | G14: =수강생명단!D10 -> 고현지 | H14: =IFERROR(IF(VLOOKUP($F14,'1주차'!$F$5:$I$393,3,FALSE)="","",VLOOKUP($F14,'1주차'!$F$5:$I$393,3,FALSE)),"") -> 80 | I14: =IFERROR(IF(VLOOKUP($Q14,'1주차'!$F$5:$I$393,3,FALSE)="","",VLOOKUP($B14,'1주차'!$Q$5:$S$393,3,FALSE)),"") | K14: =수강생명단!C10 -> 41436 | L14: =수강생명단!D10 -> 고현지 | M14: =IFERROR(IF(VLOOKUP($K14,'1주차'!$K$5:$N$393,3,FALSE)="","",VLOOKUP($K14,'1주차'!$K$5:$N$393,3,FALSE)),"") -> 70 | N14: =IFERROR(IF(VLOOKUP($Q14,'1주차'!$N$5:$KQ$393,3,FALSE)="","",VLOOKUP($B14,'1주차'!$Q$5:$S$393,3,FALSE)),"") | P14: =수강생명단!C10 -> 41436 | Q14: =수강생명단!D10 -> 고현지 | R14: =IFERROR(IF(VLOOKUP($P14,'1주차'!$P$5:$S$393,3,FALSE)="","",VLOOKUP($P14,'1주차'!$P$5:$S$393,3,FALSE)),"") | S14: =IFERROR(IF(VLOOKUP($P14,'1주차'!$P$5:$S$393,4,FALSE)="","",VLOOKUP($P14,'1주차'!$P$5:$S$393,4,FALSE)),"") | U14: =수강생명단!C10 -> 41436 | V14: =수강생명단!D10 -> 고현지 | Z14: =수강생명단!$C10 -> 41436 | AA14: =수강생명단!D10 -> 고현지 | AB14: =IFERROR(IF(VLOOKUP($A14,'2주차'!$A$5:$D$406,3,FALSE)="","",VLOOKUP($A14,'2주차'!$A$5:$D$406,3,FALSE)),"") -> 75 | AC14: =IFERROR(VLOOKUP($Z14,'2주차'!$A$5:$D$400,4,FALSE)," ") -> 90 | AE14: =수강생명단!$C10 -> 41436 | AF14: =수강생명단!D10 -> 고현지 | AG14: =IFERROR(IF(VLOOKUP($AE14,'2주차'!$F$5:$I$406,3,FALSE)="","",VLOOKUP($F14,'2주차'!$F$5:$I$406,3,FALSE)),"") -> 85 | AH14: =IFERROR(VLOOKUP($AE14,'2주차'!$F$5:$I$400,4,FALSE)," ") -> 70 | AJ14: =수강생명단!$C10 -> 41436 | AK14: =수강생명단!D10 -> 고현지 | AL14: =IFERROR(IF(VLOOKUP($AJ14,'2주차'!$U$5:$X$406,3,FALSE)="","",VLOOKUP($F14,'2주차'!$U$5:$X$406,3,FALSE)),"") -> 65 | AM14: =IFERROR(VLOOKUP($AJ14,'2주차'!$U$5:$X$400,4,FALSE)," ") -> 20 | AO14: =수강생명단!$C10 -> 41436 | AP14: =수강생명단!D10 -> 고현지 | AQ14: =IFERROR(IF(VLOOKUP($AO14,'2주차'!$Z$5:$AC$406,3,FALSE)="","",VLOOKUP($AO14,'2주차'!$Z$5:$AC$406,3,FALSE)),"") | AR14: =IFERROR(VLOOKUP($AO14,'2주차'!$Z$5:$AC$400,4,FALSE)," ") | AT14: =수강생명단!$C10 -> 41436 | AU14: =수강생명단!C10 -> 41436 | AV14: =IFERROR(IF(VLOOKUP($AU14,'2주차'!$AF$5:$AI$406,3,FALSE)="","",VLOOKUP($AU14,'2주차'!$AF$5:$AI$406,3,FALSE)),"") -> 77 | AX14: =수강생명단!$C10 -> 41436 | AY14: =수강생명단!D10 -> 고현지 | AZ14: =IFERROR(IF(VLOOKUP($A14,'3주차'!$A$5:$D$406,3,FALSE)="","",VLOOKUP($A14,'3주차'!$A$5:$D$406,3,FALSE)),"") -> 80 | BA14: =IFERROR(VLOOKUP($Z14,'3주차'!$A$5:$D$400,4,FALSE)," ") -> 20 | BC14: =수강생명단!$C10 -> 41436 | BD14: =수강생명단!D10 -> 고현지 | BE14: =IFERROR(IF(VLOOKUP($BC14,'3주차'!$F$5:$I$406,3,FALSE)="","",VLOOKUP($F14,'3주차'!$F$5:$I$406,3,FALSE)),"") -> 75 | BF14: =IFERROR(VLOOKUP($BC14,'3주차'!$F$5:$I$400,4,FALSE)," ") -> 50 | BH14: =수강생명단!$C10 -> 41436 | BI14: =수강생명단!D10 -> 고현지 | BJ14: =IFERROR(IF(VLOOKUP($BH14,'3주차'!$K$5:$N$406,3,FALSE)="","",VLOOKUP($AJ14,'3주차'!$K$5:$XN$406,3,FALSE)),"") -> 사유 | BK14: =IFERROR(VLOOKUP($BH14,'3주차'!$K$5:$N$400,4,FALSE)," ") -> 사유 | BM14: =수강생명단!$C10 -> 41436 | BN14: =수강생명단!D10 -> 고현지 | BO14: =IFERROR(IF(VLOOKUP($BM14,'3주차'!$P$5:$S$406,3,FALSE)="","",VLOOKUP($BM14,'3주차'!$P$5:$S$406,3,FALSE)),"") | BP14: =IFERROR(VLOOKUP($BM14,'3주차'!$P$5:$S$400,4,FALSE)," ") | BR14: =수강생명단!$C10 -> 41436 | BS14: =수강생명단!C10 -> 41436 | BT14: =IFERROR(IF(VLOOKUP($BS14,'3주차'!$V$5:$X$406,3,FALSE)="","",VLOOKUP($BS14,'3주차'!$V$5:$X$406,3,FALSE)),"") | BW14: =수강생명단!$C10 -> 41436 | BX14: =수강생명단!D10 -> 고현지 | BY14: =IFERROR(IF(VLOOKUP($A14,'4주차'!$A$5:$D$406,3,FALSE)="","",VLOOKUP($A14,'4주차'!$A$5:$D$406,3,FALSE)),"") -> 75 | BZ14: =IFERROR(VLOOKUP($Z14,'4주차'!$A$5:$D$400,4,FALSE)," ") -> 50 | CB14: =수강생명단!$C10 -> 41436 | CC14: =수강생명단!D10 -> 고현지 | CD14: =IFERROR(IF(VLOOKUP($BC14,'4주차'!$F$5:$I$406,3,FALSE)="","",VLOOKUP($F14,'4주차'!$F$5:$I$406,3,FALSE)),"") -> 70 | CE14: =IFERROR(VLOOKUP($BC14,'4주차'!$F$5:$I$400,4,FALSE)," ") -> 40 | CG14: =수강생명단!$C10 -> 41436 | CH14: =수강생명단!D10 -> 고현지 | CI14: =IFERROR(IF(VLOOKUP($BH14,'4주차'!$K$5:$N$406,3,FALSE)="","",VLOOKUP($AJ14,'4주차'!$K$5:$WU$406,3,FALSE)),"") | CJ14: =IFERROR(VLOOKUP($BH14,'4주차'!$K$5:$N$400,4,FALSE)," ") | CL14: =수강생명단!$C10 -> 41436 | CM14: =수강생명단!D10 -> 고현지 | CN14: =IFERROR(IF(VLOOKUP($BM14,'4주차'!$P$5:$S$406,3,FALSE)="","",VLOOKUP($BM14,'4주차'!$P$5:$S$406,3,FALSE)),"") -> 60(라) | CO14: =IFERROR(VLOOKUP($BM14,'4주차'!$P$5:$S$400,4,FALSE)," ") -> 라이브 | CQ14: =수강생명단!$C10 -> 41436 | CR14: =수강생명단!C10 -> 41436 | CS14: =IFERROR(IF(VLOOKUP($BS14,'4주차'!$V$5:$X$406,3,FALSE)="","",VLOOKUP($BS14,'4주차'!$V$5:$X$406,3,FALSE)),"") | CV14: 7 | CW14: =수강생명단!D10 -> 고현지 | CX14: =IFERROR(VLOOKUP($BX14,'5주차'!$B$5:$D$400,2,FALSE),"불참") -> 50(라) | CY14: =IFERROR(VLOOKUP($AY14,'5주차'!$B$5:$D$400,3,FALSE),"불참") -> 라이브 | DA14: 7 | DB14: =수강생명단!D10 -> 고현지 | DC14: =IFERROR(VLOOKUP($CC14,'5주차'!$G$5:$I$400,2,FALSE),"불참") -> 불참 | DD14: =IFERROR(VLOOKUP($CC14,'5주차'!$G$5:$I$400,3,FALSE),"불참") -> 불참 | DF14: 7 | DG14: =수강생명단!D10 -> 고현지 | DH14: =IFERROR(VLOOKUP($CH14,'5주차'!$V$5:$X$400,2,FALSE),"불참") -> 불참 | DI14: =IFERROR(VLOOKUP($BI14,'5주차'!$V$5:$X$400,3,FALSE),"불참") -> 불참 | DK14: 7 | DL14: =수강생명단!D10 -> 고현지 | DM14: =IFERROR(VLOOKUP($CM14,'5주차'!$AA$5:$AC$400,2,FALSE),"불참") -> 불참 | DN14: =IFERROR(VLOOKUP($CM14,'5주차'!$AA$5:$AC$400,3,FALSE),"불참") -> 불참 | DP14: 7 | DQ14: =수강생명단!D10 -> 고현지 | DR14: =IFERROR(VLOOKUP(#REF!,'5주차'!$AF$5:$AH$400,2,FALSE),"불참") -> 불참 | DS14: =IFERROR(VLOOKUP(#REF!,'5주차'!$AF$5:$AH$400,3,FALSE),"불참") -> 불참 | DU14: 7 | DV14: =수강생명단!C10 -> 41436 | DW14: =IFERROR(VLOOKUP($DV14,'5주차'!$AK$5:$AL$400,2,FALSE),"불참") -> 불참 | DX14: =IFERROR(VLOOKUP($DV14,'5주차'!$AK$5:$AL$400,2,FALSE),"불참") -> 불참
A15: =수강생명단!$C11 -> 32975 | B15: =수강생명단!D11 -> 공민준 | C15: =IFERROR(IF(VLOOKUP($A15,'1주차'!$A$5:$D$393,3,FALSE)="","",VLOOKUP($A15,'1주차'!$A$5:$D$393,3,FALSE)),"") -> 75 | D15: =IFERROR(IF(VLOOKUP($Q15,'1주차'!$A$5:$D$393,4,FALSE)="","",VLOOKUP($B15,'1주차'!$Q$5:$S$393,3,FALSE)),"") | F15: =수강생명단!C11 -> 32975 | G15: =수강생명단!D11 -> 공민준 | H15: =IFERROR(IF(VLOOKUP($F15,'1주차'!$F$5:$I$393,3,FALSE)="","",VLOOKUP($F15,'1주차'!$F$5:$I$393,3,FALSE)),"") -> 90 | I15: =IFERROR(IF(VLOOKUP($Q15,'1주차'!$F$5:$I$393,3,FALSE)="","",VLOOKUP($B15,'1주차'!$Q$5:$S$393,3,FALSE)),"") | K15: =수강생명단!C11 -> 32975 | L15: =수강생명단!D11 -> 공민준 | M15: =IFERROR(IF(VLOOKUP($K15,'1주차'!$K$5:$N$393,3,FALSE)="","",VLOOKUP($K15,'1주차'!$K$5:$N$393,3,FALSE)),"") -> 90 | N15: =IFERROR(IF(VLOOKUP($Q15,'1주차'!$N$5:$KQ$393,3,FALSE)="","",VLOOKUP($B15,'1주차'!$Q$5:$S$393,3,FALSE)),"") | P15: =수강생명단!C11 -> 32975 | Q15: =수강생명단!D11 -> 공민준 | R15: =IFERROR(IF(VLOOKUP($P15,'1주차'!$P$5:$S$393,3,FALSE)="","",VLOOKUP($P15,'1주차'!$P$5:$S$393,3,FALSE)),"") -> 90 | S15: =IFERROR(IF(VLOOKUP($P15,'1주차'!$P$5:$S$393,4,FALSE)="","",VLOOKUP($P15,'1주차'!$P$5:$S$393,4,FALSE)),"") -> 100 | U15: =수강생명단!C11 -> 32975 | V15: =수강생명단!D11 -> 공민준 | Z15: =수강생명단!$C11 -> 32975 | AA15: =수강생명단!D11 -> 공민준 | AB15: =IFERROR(IF(VLOOKUP($A15,'2주차'!$A$5:$D$406,3,FALSE)="","",VLOOKUP($A15,'2주차'!$A$5:$D$406,3,FALSE)),"") -> 95 | AC15: =IFERROR(VLOOKUP($Z15,'2주차'!$A$5:$D$400,4,FALSE)," ") -> 80 | AE15: =수강생명단!$C11 -> 32975 | AF15: =수강생명단!D11 -> 공민준 | AG15: =IFERROR(IF(VLOOKUP($AE15,'2주차'!$F$5:$I$406,3,FALSE)="","",VLOOKUP($F15,'2주차'!$F$5:$I$406,3,FALSE)),"") -> 100 | AH15: =IFERROR(VLOOKUP($AE15,'2주차'!$F$5:$I$400,4,FALSE)," ") -> 100 | AJ15: =수강생명단!$C11 -> 32975 | AK15: =수강생명단!D11 -> 공민준 | AL15: =IFERROR(IF(VLOOKUP($AJ15,'2주차'!$U$5:$X$406,3,FALSE)="","",VLOOKUP($F15,'2주차'!$U$5:$X$406,3,FALSE)),"") -> 70 | AM15: =IFERROR(VLOOKUP($AJ15,'2주차'!$U$5:$X$400,4,FALSE)," ") -> 40 | AO15: =수강생명단!$C11 -> 32975 | AP15: =수강생명단!D11 -> 공민준 | AQ15: =IFERROR(IF(VLOOKUP($AO15,'2주차'!$Z$5:$AC$406,3,FALSE)="","",VLOOKUP($AO15,'2주차'!$Z$5:$AC$406,3,FALSE)),"") -> 70 | AR15: =IFERROR(VLOOKUP($AO15,'2주차'!$Z$5:$AC$400,4,FALSE)," ") -> 70 | AT15: =수강생명단!$C11 -> 32975 | AU15: =수강생명단!C11 -> 32975 | AV15: =IFERROR(IF(VLOOKUP($AU15,'2주차'!$AF$5:$AI$406,3,FALSE)="","",VLOOKUP($AU15,'2주차'!$AF$5:$AI$406,3,FALSE)),"") -> 89 | AX15: =수강생명단!$C11 -> 32975 | AY15: =수강생명단!D11 -> 공민준 | AZ15: =IFERROR(IF(VLOOKUP($A15,'3주차'!$A$5:$D$406,3,FALSE)="","",VLOOKUP($A15,'3주차'!$A$5:$D$406,3,FALSE)),"") -> 70 | BA15: =IFERROR(VLOOKUP($Z15,'3주차'!$A$5:$D$400,4,FALSE)," ") -> 100 | BC15: =수강생명단!$C11 -> 32975 | BD15: =수강생명단!D11 -> 공민준 | BE15: =IFERROR(IF(VLOOKUP($BC15,'3주차'!$F$5:$I$406,3,FALSE)="","",VLOOKUP($F15,'3주차'!$F$5:$I$406,3,FALSE)),"") -> 90 | BF15: =IFERROR(VLOOKUP($BC15,'3주차'!$F$5:$I$400,4,FALSE)," ") -> 90 | BH15: =수강생명단!$C11 -> 32975 | BI15: =수강생명단!D11 -> 공민준 | BJ15: =IFERROR(IF(VLOOKUP($BH15,'3주차'!$K$5:$N$406,3,FALSE)="","",VLOOKUP($AJ15,'3주차'!$K$5:$XN$406,3,FALSE)),"") -> 95 | BK15: =IFERROR(VLOOKUP($BH15,'3주차'!$K$5:$N$400,4,FALSE)," ") -> 90 | BM15: =수강생명단!$C11 -> 32975 | BN15: =수강생명단!D11 -> 공민준 | BO15: =IFERROR(IF(VLOOKUP($BM15,'3주차'!$P$5:$S$406,3,FALSE)="","",VLOOKUP($BM15,'3주차'!$P$5:$S$406,3,FALSE)),"") -> 55 | BP15: =IFERROR(VLOOKUP($BM15,'3주차'!$P$5:$S$400,4,FALSE)," ") -> 90 | BR15: =수강생명단!$C11 -> 32975 | BS15: =수강생명단!C11 -> 32975 | BT15: =IFERROR(IF(VLOOKUP($BS15,'3주차'!$V$5:$X$406,3,FALSE)="","",VLOOKUP($BS15,'3주차'!$V$5:$X$406,3,FALSE)),"") -> 47 | BW15: =수강생명단!$C11 -> 32975 | BX15: =수강생명단!D11 -> 공민준 | BY15: =IFERROR(IF(VLOOKUP($A15,'4주차'!$A$5:$D$406,3,FALSE)="","",VLOOKUP($A15,'4주차'!$A$5:$D$406,3,FALSE)),"") -> 85 | BZ15: =IFERROR(VLOOKUP($Z15,'4주차'!$A$5:$D$400,4,FALSE)," ") -> 40 | CB15: =수강생명단!$C11 -> 32975 | CC15: =수강생명단!D11 -> 공민준 | CD15: =IFERROR(IF(VLOOKUP($BC15,'4주차'!$F$5:$I$406,3,FALSE)="","",VLOOKUP($F15,'4주차'!$F$5:$I$406,3,FALSE)),"") -> 100 | CE15: =IFERROR(VLOOKUP($BC15,'4주차'!$F$5:$I$400,4,FALSE)," ") -> 80 | CG15: =수강생명단!$C11 -> 32975 | CH15: =수강생명단!D11 -> 공민준 | CI15: =IFERROR(IF(VLOOKUP($BH15,'4주차'!$K$5:$N$406,3,FALSE)="","",VLOOKUP($AJ15,'4주차'!$K$5:$WU$406,3,FALSE)),"") | CJ15: =IFERROR(VLOOKUP($BH15,'4주차'!$K$5:$N$400,4,FALSE)," ") | CL15: =수강생명단!$C11 -> 32975 | CM15: =수강생명단!D11 -> 공민준 | CN15: =IFERROR(IF(VLOOKUP($BM15,'4주차'!$P$5:$S$406,3,FALSE)="","",VLOOKUP($BM15,'4주차'!$P$5:$S$406,3,FALSE)),"") -> 60 | CO15: =IFERROR(VLOOKUP($BM15,'4주차'!$P$5:$S$400,4,FALSE)," ") -> 80 | CQ15: =수강생명단!$C11 -> 32975 | CR15: =수강생명단!C11 -> 32975 | CS15: =IFERROR(IF(VLOOKUP($BS15,'4주차'!$V$5:$X$406,3,FALSE)="","",VLOOKUP($BS15,'4주차'!$V$5:$X$406,3,FALSE)),"") -> 54 | CV15: 8 | CW15: =수강생명단!D11 -> 공민준 | CX15: =IFERROR(VLOOKUP($BX15,'5주차'!$B$5:$D$400,2,FALSE),"불참") -> 85 | CY15: =IFERROR(VLOOKUP($AY15,'5주차'!$B$5:$D$400,3,FALSE),"불참") -> 70 | DA15: 8 | DB15: =수강생명단!D11 -> 공민준 | DC15: =IFERROR(VLOOKUP($CC15,'5주차'!$G$5:$I$400,2,FALSE),"불참") -> 불참 | DD15: =IFERROR(VLOOKUP($CC15,'5주차'!$G$5:$I$400,3,FALSE),"불참") -> 불참 | DF15: 8 | DG15: =수강생명단!D11 -> 공민준 | DH15: =IFERROR(VLOOKUP($CH15,'5주차'!$V$5:$X$400,2,FALSE),"불참") -> 불참 | DI15: =IFERROR(VLOOKUP($BI15,'5주차'!$V$5:$X$400,3,FALSE),"불참") -> 불참 | DK15: 8 | DL15: =수강생명단!D11 -> 공민준 | DM15: =IFERROR(VLOOKUP($CM15,'5주차'!$AA$5:$AC$400,2,FALSE),"불참") -> 불참 | DN15: =IFERROR(VLOOKUP($CM15,'5주차'!$AA$5:$AC$400,3,FALSE),"불참") -> 불참 | DP15: 8 | DQ15: =수강생명단!D11 -> 공민준 | DR15: =IFERROR(VLOOKUP(#REF!,'5주차'!$AF$5:$AH$400,2,FALSE),"불참") -> 불참 | DS15: =IFERROR(VLOOKUP(#REF!,'5주차'!$AF$5:$AH$400,3,FALSE),"불참") -> 불참 | DU15: 8 | DV15: =수강생명단!C11 -> 32975 | DW15: =IFERROR(VLOOKUP($DV15,'5주차'!$AK$5:$AL$400,2,FALSE),"불참") -> 불참 | DX15: =IFERROR(VLOOKUP($DV15,'5주차'!$AK$5:$AL$400,2,FALSE),"불참") -> 불참
A16: =수강생명단!$C12 -> 31841 | B16: =수강생명단!D12 -> 공초연 | C16: =IFERROR(IF(VLOOKUP($A16,'1주차'!$A$5:$D$393,3,FALSE)="","",VLOOKUP($A16,'1주차'!$A$5:$D$393,3,FALSE)),"") -> 85 | D16: =IFERROR(IF(VLOOKUP($Q16,'1주차'!$A$5:$D$393,4,FALSE)="","",VLOOKUP($B16,'1주차'!$Q$5:$S$393,3,FALSE)),"") | F16: =수강생명단!C12 -> 31841 | G16: =수강생명단!D12 -> 공초연 | H16: =IFERROR(IF(VLOOKUP($F16,'1주차'!$F$5:$I$393,3,FALSE)="","",VLOOKUP($F16,'1주차'!$F$5:$I$393,3,FALSE)),"") | I16: =IFERROR(IF(VLOOKUP($Q16,'1주차'!$F$5:$I$393,3,FALSE)="","",VLOOKUP($B16,'1주차'!$Q$5:$S$393,3,FALSE)),"") | K16: =수강생명단!C12 -> 31841 | L16: =수강생명단!D12 -> 공초연 | M16: =IFERROR(IF(VLOOKUP($K16,'1주차'!$K$5:$N$393,3,FALSE)="","",VLOOKUP($K16,'1주차'!$K$5:$N$393,3,FALSE)),"") -> 60(라) | N16: =IFERROR(IF(VLOOKUP($Q16,'1주차'!$N$5:$KQ$393,3,FALSE)="","",VLOOKUP($B16,'1주차'!$Q$5:$S$393,3,FALSE)),"") | P16: =수강생명단!C12 -> 31841 | Q16: =수강생명단!D12 -> 공초연 | R16: =IFERROR(IF(VLOOKUP($P16,'1주차'!$P$5:$S$393,3,FALSE)="","",VLOOKUP($P16,'1주차'!$P$5:$S$393,3,FALSE)),"") -> 80(라) | S16: =IFERROR(IF(VLOOKUP($P16,'1주차'!$P$5:$S$393,4,FALSE)="","",VLOOKUP($P16,'1주차'!$P$5:$S$393,4,FALSE)),"") -> 라이브 | U16: =수강생명단!C12 -> 31841 | V16: =수강생명단!D12 -> 공초연 | Z16: =수강생명단!$C12 -> 31841 | AA16: =수강생명단!D12 -> 공초연 | AB16: =IFERROR(IF(VLOOKUP($A16,'2주차'!$A$5:$D$406,3,FALSE)="","",VLOOKUP($A16,'2주차'!$A$5:$D$406,3,FALSE)),"") -> 75(라) | AC16: =IFERROR(VLOOKUP($Z16,'2주차'!$A$5:$D$400,4,FALSE)," ") -> 라이브 | AE16: =수강생명단!$C12 -> 31841 | AF16: =수강생명단!D12 -> 공초연 | AG16: =IFERROR(IF(VLOOKUP($AE16,'2주차'!$F$5:$I$406,3,FALSE)="","",VLOOKUP($F16,'2주차'!$F$5:$I$406,3,FALSE)),"") -> 90(라) | AH16: =IFERROR(VLOOKUP($AE16,'2주차'!$F$5:$I$400,4,FALSE)," ") -> 라이브 | AJ16: =수강생명단!$C12 -> 31841 | AK16: =수강생명단!D12 -> 공초연 | AL16: =IFERROR(IF(VLOOKUP($AJ16,'2주차'!$U$5:$X$406,3,FALSE)="","",VLOOKUP($F16,'2주차'!$U$5:$X$406,3,FALSE)),"") | AM16: =IFERROR(VLOOKUP($AJ16,'2주차'!$U$5:$X$400,4,FALSE)," ") | AO16: =수강생명단!$C12 -> 31841 | AP16: =수강생명단!D12 -> 공초연 | AQ16: =IFERROR(IF(VLOOKUP($AO16,'2주차'!$Z$5:$AC$406,3,FALSE)="","",VLOOKUP($AO16,'2주차'!$Z$5:$AC$406,3,FALSE)),"") -> 65(라) | AR16: =IFERROR(VLOOKUP($AO16,'2주차'!$Z$5:$AC$400,4,FALSE)," ") -> 라이브 | AT16: =수강생명단!$C12 -> 31841 | AU16: =수강생명단!C12 -> 31841 | AV16: =IFERROR(IF(VLOOKUP($AU16,'2주차'!$AF$5:$AI$406,3,FALSE)="","",VLOOKUP($AU16,'2주차'!$AF$5:$AI$406,3,FALSE)),"") | AX16: =수강생명단!$C12 -> 31841 | AY16: =수강생명단!D12 -> 공초연 | AZ16: =IFERROR(IF(VLOOKUP($A16,'3주차'!$A$5:$D$406,3,FALSE)="","",VLOOKUP($A16,'3주차'!$A$5:$D$406,3,FALSE)),"") -> 85(라) | BA16: =IFERROR(VLOOKUP($Z16,'3주차'!$A$5:$D$400,4,FALSE)," ") -> 라이브 | BC16: =수강생명단!$C12 -> 31841 | BD16: =수강생명단!D12 -> 공초연 | BE16: =IFERROR(IF(VLOOKUP($BC16,'3주차'!$F$5:$I$406,3,FALSE)="","",VLOOKUP($F16,'3주차'!$F$5:$I$406,3,FALSE)),"") | BF16: =IFERROR(VLOOKUP($BC16,'3주차'!$F$5:$I$400,4,FALSE)," ") | BH16: =수강생명단!$C12 -> 31841 | BI16: =수강생명단!D12 -> 공초연 | BJ16: =IFERROR(IF(VLOOKUP($BH16,'3주차'!$K$5:$N$406,3,FALSE)="","",VLOOKUP($AJ16,'3주차'!$K$5:$XN$406,3,FALSE)),"") -> 45(라) | BK16: =IFERROR(VLOOKUP($BH16,'3주차'!$K$5:$N$400,4,FALSE)," ") -> 라이브 | BM16: =수강생명단!$C12 -> 31841 | BN16: =수강생명단!D12 -> 공초연 | BO16: =IFERROR(IF(VLOOKUP($BM16,'3주차'!$P$5:$S$406,3,FALSE)="","",VLOOKUP($BM16,'3주차'!$P$5:$S$406,3,FALSE)),"") -> 35(라) | BP16: =IFERROR(VLOOKUP($BM16,'3주차'!$P$5:$S$400,4,FALSE)," ") -> 라이브 | BR16: =수강생명단!$C12 -> 31841 | BS16: =수강생명단!C12 -> 31841 | BT16: =IFERROR(IF(VLOOKUP($BS16,'3주차'!$V$5:$X$406,3,FALSE)="","",VLOOKUP($BS16,'3주차'!$V$5:$X$406,3,FALSE)),"") -> 84(라) | BW16: =수강생명단!$C12 -> 31841 | BX16: =수강생명단!D12 -> 공초연 | BY16: =IFERROR(IF(VLOOKUP($A16,'4주차'!$A$5:$D$406,3,FALSE)="","",VLOOKUP($A16,'4주차'!$A$5:$D$406,3,FALSE)),"") -> 80(라) | BZ16: =IFERROR(VLOOKUP($Z16,'4주차'!$A$5:$D$400,4,FALSE)," ") -> 라이브 | CB16: =수강생명단!$C12 -> 31841 | CC16: =수강생명단!D12 -> 공초연 | CD16: =IFERROR(IF(VLOOKUP($BC16,'4주차'!$F$5:$I$406,3,FALSE)="","",VLOOKUP($F16,'4주차'!$F$5:$I$406,3,FALSE)),"") -> 75(라) | CE16: =IFERROR(VLOOKUP($BC16,'4주차'!$F$5:$I$400,4,FALSE)," ") -> 라이브 | CG16: =수강생명단!$C12 -> 31841 | CH16: =수강생명단!D12 -> 공초연 | CI16: =IFERROR(IF(VLOOKUP($BH16,'4주차'!$K$5:$N$406,3,FALSE)="","",VLOOKUP($AJ16,'4주차'!$K$5:$WU$406,3,FALSE)),"") -> 30(라) | CJ16: =IFERROR(VLOOKUP($BH16,'4주차'!$K$5:$N$400,4,FALSE)," ") -> 라이브 | CL16: =수강생명단!$C12 -> 31841 | CM16: =수강생명단!D12 -> 공초연 | CN16: =IFERROR(IF(VLOOKUP($BM16,'4주차'!$P$5:$S$406,3,FALSE)="","",VLOOKUP($BM16,'4주차'!$P$5:$S$406,3,FALSE)),"") -> 45(라) | CO16: =IFERROR(VLOOKUP($BM16,'4주차'!$P$5:$S$400,4,FALSE)," ") -> 라이브 | CQ16: =수강생명단!$C12 -> 31841 | CR16: =수강생명단!C12 -> 31841 | CS16: =IFERROR(IF(VLOOKUP($BS16,'4주차'!$V$5:$X$406,3,FALSE)="","",VLOOKUP($BS16,'4주차'!$V$5:$X$406,3,FALSE)),"") | CV16: 9 | CW16: =수강생명단!D12 -> 공초연 | CX16: =IFERROR(VLOOKUP($BX16,'5주차'!$B$5:$D$400,2,FALSE),"불참") -> 95(라) | CY16: =IFERROR(VLOOKUP($AY16,'5주차'!$B$5:$D$400,3,FALSE),"불참") -> 라이브 | DA16: 9 | DB16: =수강생명단!D12 -> 공초연 | DC16: =IFERROR(VLOOKUP($CC16,'5주차'!$G$5:$I$400,2,FALSE),"불참") -> 불참 | DD16: =IFERROR(VLOOKUP($CC16,'5주차'!$G$5:$I$400,3,FALSE),"불참") -> 불참 | DF16: 9 | DG16: =수강생명단!D12 -> 공초연 | DH16: =IFERROR(VLOOKUP($CH16,'5주차'!$V$5:$X$400,2,FALSE),"불참") -> 불참 | DI16: =IFERROR(VLOOKUP($BI16,'5주차'!$V$5:$X$400,3,FALSE),"불참") -> 불참 | DK16: 9 | DL16: =수강생명단!D12 -> 공초연 | DM16: =IFERROR(VLOOKUP($CM16,'5주차'!$AA$5:$AC$400,2,FALSE),"불참") -> 불참 | DN16: =IFERROR(VLOOKUP($CM16,'5주차'!$AA$5:$AC$400,3,FALSE),"불참") -> 불참 | DP16: 9 | DQ16: =수강생명단!D12 -> 공초연 | DR16: =IFERROR(VLOOKUP(#REF!,'5주차'!$AF$5:$AH$400,2,FALSE),"불참") -> 불참 | DS16: =IFERROR(VLOOKUP(#REF!,'5주차'!$AF$5:$AH$400,3,FALSE),"불참") -> 불참 | DU16: 9 | DV16: =수강생명단!C12 -> 31841 | DW16: =IFERROR(VLOOKUP($DV16,'5주차'!$AK$5:$AL$400,2,FALSE),"불참") -> 불참 | DX16: =IFERROR(VLOOKUP($DV16,'5주차'!$AK$5:$AL$400,2,FALSE),"불참") -> 불참
A17: =수강생명단!$C13 -> 32828 | B17: =수강생명단!D13 -> 곽민지 | C17: =IFERROR(IF(VLOOKUP($A17,'1주차'!$A$5:$D$393,3,FALSE)="","",VLOOKUP($A17,'1주차'!$A$5:$D$393,3,FALSE)),"") -> 85 | D17: =IFERROR(IF(VLOOKUP($Q17,'1주차'!$A$5:$D$393,4,FALSE)="","",VLOOKUP($B17,'1주차'!$Q$5:$S$393,3,FALSE)),"") | F17: =수강생명단!C13 -> 32828 | G17: =수강생명단!D13 -> 곽민지 | H17: =IFERROR(IF(VLOOKUP($F17,'1주차'!$F$5:$I$393,3,FALSE)="","",VLOOKUP($F17,'1주차'!$F$5:$I$393,3,FALSE)),"") -> 95 | I17: =IFERROR(IF(VLOOKUP($Q17,'1주차'!$F$5:$I$393,3,FALSE)="","",VLOOKUP($B17,'1주차'!$Q$5:$S$393,3,FALSE)),"") | K17: =수강생명단!C13 -> 32828 | L17: =수강생명단!D13 -> 곽민지 | M17: =IFERROR(IF(VLOOKUP($K17,'1주차'!$K$5:$N$393,3,FALSE)="","",VLOOKUP($K17,'1주차'!$K$5:$N$393,3,FALSE)),"") -> 85 | N17: =IFERROR(IF(VLOOKUP($Q17,'1주차'!$N$5:$KQ$393,3,FALSE)="","",VLOOKUP($B17,'1주차'!$Q$5:$S$393,3,FALSE)),"") | P17: =수강생명단!C13 -> 32828 | Q17: =수강생명단!D13 -> 곽민지 | R17: =IFERROR(IF(VLOOKUP($P17,'1주차'!$P$5:$S$393,3,FALSE)="","",VLOOKUP($P17,'1주차'!$P$5:$S$393,3,FALSE)),"") -> 100 | S17: =IFERROR(IF(VLOOKUP($P17,'1주차'!$P$5:$S$393,4,FALSE)="","",VLOOKUP($P17,'1주차'!$P$5:$S$393,4,FALSE)),"") -> 90 | U17: =수강생명단!C13 -> 32828 | V17: =수강생명단!D13 -> 곽민지 | Z17: =수강생명단!$C13 -> 32828 | AA17: =수강생명단!D13 -> 곽민지 | AB17: =IFERROR(IF(VLOOKUP($A17,'2주차'!$A$5:$D$406,3,FALSE)="","",VLOOKUP($A17,'2주차'!$A$5:$D$406,3,FALSE)),"") -> 80 | AC17: =IFERROR(VLOOKUP($Z17,'2주차'!$A$5:$D$400,4,FALSE)," ") -> 90 | AE17: =수강생명단!$C13 -> 32828 | AF17: =수강생명단!D13 -> 곽민지 | AG17: =IFERROR(IF(VLOOKUP($AE17,'2주차'!$F$5:$I$406,3,FALSE)="","",VLOOKUP($F17,'2주차'!$F$5:$I$406,3,FALSE)),"") -> 100 | AH17: =IFERROR(VLOOKUP($AE17,'2주차'!$F$5:$I$400,4,FALSE)," ") -> 80 | AJ17: =수강생명단!$C13 -> 32828 | AK17: =수강생명단!D13 -> 곽민지 | AL17: =IFERROR(IF(VLOOKUP($AJ17,'2주차'!$U$5:$X$406,3,FALSE)="","",VLOOKUP($F17,'2주차'!$U$5:$X$406,3,FALSE)),"") -> 90 | AM17: =IFERROR(VLOOKUP($AJ17,'2주차'!$U$5:$X$400,4,FALSE)," ") -> 90 | AO17: =수강생명단!$C13 -> 32828 | AP17: =수강생명단!D13 -> 곽민지 | AQ17: =IFERROR(IF(VLOOKUP($AO17,'2주차'!$Z$5:$AC$406,3,FALSE)="","",VLOOKUP($AO17,'2주차'!$Z$5:$AC$406,3,FALSE)),"") -> 70 | AR17: =IFERROR(VLOOKUP($AO17,'2주차'!$Z$5:$AC$400,4,FALSE)," ") -> 80 | AT17: =수강생명단!$C13 -> 32828 | AU17: =수강생명단!C13 -> 32828 | AV17: =IFERROR(IF(VLOOKUP($AU17,'2주차'!$AF$5:$AI$406,3,FALSE)="","",VLOOKUP($AU17,'2주차'!$AF$5:$AI$406,3,FALSE)),"") -> 0 | AX17: =수강생명단!$C13 -> 32828 | AY17: =수강생명단!D13 -> 곽민지 | AZ17: =IFERROR(IF(VLOOKUP($A17,'3주차'!$A$5:$D$406,3,FALSE)="","",VLOOKUP($A17,'3주차'!$A$5:$D$406,3,FALSE)),"") -> 75 | BA17: =IFERROR(VLOOKUP($Z17,'3주차'!$A$5:$D$400,4,FALSE)," ") -> 90 | BC17: =수강생명단!$C13 -> 32828 | BD17: =수강생명단!D13 -> 곽민지 | BE17: =IFERROR(IF(VLOOKUP($BC17,'3주차'!$F$5:$I$406,3,FALSE)="","",VLOOKUP($F17,'3주차'!$F$5:$I$406,3,FALSE)),"") -> 85 | BF17: =IFERROR(VLOOKUP($BC17,'3주차'!$F$5:$I$400,4,FALSE)," ") -> 100 | BH17: =수강생명단!$C13 -> 32828 | BI17: =수강생명단!D13 -> 곽민지 | BJ17: =IFERROR(IF(VLOOKUP($BH17,'3주차'!$K$5:$N$406,3,FALSE)="","",VLOOKUP($AJ17,'3주차'!$K$5:$XN$406,3,FALSE)),"") -> 90 | BK17: =IFERROR(VLOOKUP($BH17,'3주차'!$K$5:$N$400,4,FALSE)," ") -> 90 | BM17: =수강생명단!$C13 -> 32828 | BN17: =수강생명단!D13 -> 곽민지 | BO17: =IFERROR(IF(VLOOKUP($BM17,'3주차'!$P$5:$S$406,3,FALSE)="","",VLOOKUP($BM17,'3주차'!$P$5:$S$406,3,FALSE)),"") -> 90 | BP17: =IFERROR(VLOOKUP($BM17,'3주차'!$P$5:$S$400,4,FALSE)," ") -> 90 | BR17: =수강생명단!$C13 -> 32828 | BS17: =수강생명단!C13 -> 32828 | BT17: =IFERROR(IF(VLOOKUP($BS17,'3주차'!$V$5:$X$406,3,FALSE)="","",VLOOKUP($BS17,'3주차'!$V$5:$X$406,3,FALSE)),"") -> 31(라) | BW17: =수강생명단!$C13 -> 32828 | BX17: =수강생명단!D13 -> 곽민지 | BY17: =IFERROR(IF(VLOOKUP($A17,'4주차'!$A$5:$D$406,3,FALSE)="","",VLOOKUP($A17,'4주차'!$A$5:$D$406,3,FALSE)),"") -> 85 | BZ17: =IFERROR(VLOOKUP($Z17,'4주차'!$A$5:$D$400,4,FALSE)," ") -> 60 | CB17: =수강생명단!$C13 -> 32828 | CC17: =수강생명단!D13 -> 곽민지 | CD17: =IFERROR(IF(VLOOKUP($BC17,'4주차'!$F$5:$I$406,3,FALSE)="","",VLOOKUP($F17,'4주차'!$F$5:$I$406,3,FALSE)),"") -> 95 | CE17: =IFERROR(VLOOKUP($BC17,'4주차'!$F$5:$I$400,4,FALSE)," ") -> 60 | CG17: =수강생명단!$C13 -> 32828 | CH17: =수강생명단!D13 -> 곽민지 | CI17: =IFERROR(IF(VLOOKUP($BH17,'4주차'!$K$5:$N$406,3,FALSE)="","",VLOOKUP($AJ17,'4주차'!$K$5:$WU$406,3,FALSE)),"") -> 75 | CJ17: =IFERROR(VLOOKUP($BH17,'4주차'!$K$5:$N$400,4,FALSE)," ") -> 90 | CL17: =수강생명단!$C13 -> 32828 | CM17: =수강생명단!D13 -> 곽민지 | CN17: =IFERROR(IF(VLOOKUP($BM17,'4주차'!$P$5:$S$406,3,FALSE)="","",VLOOKUP($BM17,'4주차'!$P$5:$S$406,3,FALSE)),"") -> 75 | CO17: =IFERROR(VLOOKUP($BM17,'4주차'!$P$5:$S$400,4,FALSE)," ") -> 70 | CQ17: =수강생명단!$C13 -> 32828 | CR17: =수강생명단!C13 -> 32828 | CS17: =IFERROR(IF(VLOOKUP($BS17,'4주차'!$V$5:$X$406,3,FALSE)="","",VLOOKUP($BS17,'4주차'!$V$5:$X$406,3,FALSE)),"") -> 34(라) | CV17: 10 | CW17: =수강생명단!D13 -> 곽민지 | CX17: =IFERROR(VLOOKUP($BX17,'5주차'!$B$5:$D$400,2,FALSE),"불참") -> 85 | CY17: =IFERROR(VLOOKUP($AY17,'5주차'!$B$5:$D$400,3,FALSE),"불참") -> 70 | DA17: 10 | DB17: =수강생명단!D13 -> 곽민지 | DC17: =IFERROR(VLOOKUP($CC17,'5주차'!$G$5:$I$400,2,FALSE),"불참") -> 불참 | DD17: =IFERROR(VLOOKUP($CC17,'5주차'!$G$5:$I$400,3,FALSE),"불참") -> 불참 | DF17: 10 | DG17: =수강생명단!D13 -> 곽민지 | DH17: =IFERROR(VLOOKUP($CH17,'5주차'!$V$5:$X$400,2,FALSE),"불참") -> 불참 | DI17: =IFERROR(VLOOKUP($BI17,'5주차'!$V$5:$X$400,3,FALSE),"불참") -> 불참 | DK17: 10 | DL17: =수강생명단!D13 -> 곽민지 | DM17: =IFERROR(VLOOKUP($CM17,'5주차'!$AA$5:$AC$400,2,FALSE),"불참") -> 불참 | DN17: =IFERROR(VLOOKUP($CM17,'5주차'!$AA$5:$AC$400,3,FALSE),"불참") -> 불참 | DP17: 10 | DQ17: =수강생명단!D13 -> 곽민지 | DR17: =IFERROR(VLOOKUP(#REF!,'5주차'!$AF$5:$AH$400,2,FALSE),"불참") -> 불참 | DS17: =IFERROR(VLOOKUP(#REF!,'5주차'!$AF$5:$AH$400,3,FALSE),"불참") -> 불참 | DU17: 10 | DV17: =수강생명단!C13 -> 32828 | DW17: =IFERROR(VLOOKUP($DV17,'5주차'!$AK$5:$AL$400,2,FALSE),"불참") -> 불참 | DX17: =IFERROR(VLOOKUP($DV17,'5주차'!$AK$5:$AL$400,2,FALSE),"불참") -> 불참
A18: =수강생명단!$C14 -> 41382 | B18: =수강생명단!D14 -> 곽정민 | C18: =IFERROR(IF(VLOOKUP($A18,'1주차'!$A$5:$D$393,3,FALSE)="","",VLOOKUP($A18,'1주차'!$A$5:$D$393,3,FALSE)),"") -> 90 | D18: =IFERROR(IF(VLOOKUP($Q18,'1주차'!$A$5:$D$393,4,FALSE)="","",VLOOKUP($B18,'1주차'!$Q$5:$S$393,3,FALSE)),"") | F18: =수강생명단!C14 -> 41382 | G18: =수강생명단!D14 -> 곽정민 | H18: =IFERROR(IF(VLOOKUP($F18,'1주차'!$F$5:$I$393,3,FALSE)="","",VLOOKUP($F18,'1주차'!$F$5:$I$393,3,FALSE)),"") -> 95 | I18: =IFERROR(IF(VLOOKUP($Q18,'1주차'!$F$5:$I$393,3,FALSE)="","",VLOOKUP($B18,'1주차'!$Q$5:$S$393,3,FALSE)),"") | K18: =수강생명단!C14 -> 41382 | L18: =수강생명단!D14 -> 곽정민 | M18: =IFERROR(IF(VLOOKUP($K18,'1주차'!$K$5:$N$393,3,FALSE)="","",VLOOKUP($K18,'1주차'!$K$5:$N$393,3,FALSE)),"") -> 80 | N18: =IFERROR(IF(VLOOKUP($Q18,'1주차'!$N$5:$KQ$393,3,FALSE)="","",VLOOKUP($B18,'1주차'!$Q$5:$S$393,3,FALSE)),"") | P18: =수강생명단!C14 -> 41382 | Q18: =수강생명단!D14 -> 곽정민 | R18: =IFERROR(IF(VLOOKUP($P18,'1주차'!$P$5:$S$393,3,FALSE)="","",VLOOKUP($P18,'1주차'!$P$5:$S$393,3,FALSE)),"") -> 90 | S18: =IFERROR(IF(VLOOKUP($P18,'1주차'!$P$5:$S$393,4,FALSE)="","",VLOOKUP($P18,'1주차'!$P$5:$S$393,4,FALSE)),"") -> 80 | U18: =수강생명단!C14 -> 41382 | V18: =수강생명단!D14 -> 곽정민 | Z18: =수강생명단!$C14 -> 41382 | AA18: =수강생명단!D14 -> 곽정민 | AB18: =IFERROR(IF(VLOOKUP($A18,'2주차'!$A$5:$D$406,3,FALSE)="","",VLOOKUP($A18,'2주차'!$A$5:$D$406,3,FALSE)),"") -> 100 | AC18: =IFERROR(VLOOKUP($Z18,'2주차'!$A$5:$D$400,4,FALSE)," ") -> 100 | AE18: =수강생명단!$C14 -> 41382 | AF18: =수강생명단!D14 -> 곽정민 | AG18: =IFERROR(IF(VLOOKUP($AE18,'2주차'!$F$5:$I$406,3,FALSE)="","",VLOOKUP($F18,'2주차'!$F$5:$I$406,3,FALSE)),"") -> 70 | AH18: =IFERROR(VLOOKUP($AE18,'2주차'!$F$5:$I$400,4,FALSE)," ") -> 90 | AJ18: =수강생명단!$C14 -> 41382 | AK18: =수강생명단!D14 -> 곽정민 | AL18: =IFERROR(IF(VLOOKUP($AJ18,'2주차'!$U$5:$X$406,3,FALSE)="","",VLOOKUP($F18,'2주차'!$U$5:$X$406,3,FALSE)),"") -> 95 | AM18: =IFERROR(VLOOKUP($AJ18,'2주차'!$U$5:$X$400,4,FALSE)," ") -> 50 | AO18: =수강생명단!$C14 -> 41382 | AP18: =수강생명단!D14 -> 곽정민 | AQ18: =IFERROR(IF(VLOOKUP($AO18,'2주차'!$Z$5:$AC$406,3,FALSE)="","",VLOOKUP($AO18,'2주차'!$Z$5:$AC$406,3,FALSE)),"") -> 75 | AR18: =IFERROR(VLOOKUP($AO18,'2주차'!$Z$5:$AC$400,4,FALSE)," ") -> 60 | AT18: =수강생명단!$C14 -> 41382 | AU18: =수강생명단!C14 -> 41382 | AV18: =IFERROR(IF(VLOOKUP($AU18,'2주차'!$AF$5:$AI$406,3,FALSE)="","",VLOOKUP($AU18,'2주차'!$AF$5:$AI$406,3,FALSE)),"") -> 100 | AX18: =수강생명단!$C14 -> 41382 | AY18: =수강생명단!D14 -> 곽정민 | AZ18: =IFERROR(IF(VLOOKUP($A18,'3주차'!$A$5:$D$406,3,FALSE)="","",VLOOKUP($A18,'3주차'!$A$5:$D$406,3,FALSE)),"") -> 95 | BA18: =IFERROR(VLOOKUP($Z18,'3주차'!$A$5:$D$400,4,FALSE)," ") -> 90 | BC18: =수강생명단!$C14 -> 41382 | BD18: =수강생명단!D14 -> 곽정민 | BE18: =IFERROR(IF(VLOOKUP($BC18,'3주차'!$F$5:$I$406,3,FALSE)="","",VLOOKUP($F18,'3주차'!$F$5:$I$406,3,FALSE)),"") -> 90 | BF18: =IFERROR(VLOOKUP($BC18,'3주차'!$F$5:$I$400,4,FALSE)," ") -> 80 | BH18: =수강생명단!$C14 -> 41382 | BI18: =수강생명단!D14 -> 곽정민 | BJ18: =IFERROR(IF(VLOOKUP($BH18,'3주차'!$K$5:$N$406,3,FALSE)="","",VLOOKUP($AJ18,'3주차'!$K$5:$XN$406,3,FALSE)),"") -> 95 | BK18: =IFERROR(VLOOKUP($BH18,'3주차'!$K$5:$N$400,4,FALSE)," ") -> 100 | BM18: =수강생명단!$C14 -> 41382 | BN18: =수강생명단!D14 -> 곽정민 | BO18: =IFERROR(IF(VLOOKUP($BM18,'3주차'!$P$5:$S$406,3,FALSE)="","",VLOOKUP($BM18,'3주차'!$P$5:$S$406,3,FALSE)),"") -> 80 | BP18: =IFERROR(VLOOKUP($BM18,'3주차'!$P$5:$S$400,4,FALSE)," ") -> 80 | BR18: =수강생명단!$C14 -> 41382 | BS18: =수강생명단!C14 -> 41382 | BT18: =IFERROR(IF(VLOOKUP($BS18,'3주차'!$V$5:$X$406,3,FALSE)="","",VLOOKUP($BS18,'3주차'!$V$5:$X$406,3,FALSE)),"") -> 97 | BW18: =수강생명단!$C14 -> 41382 | BX18: =수강생명단!D14 -> 곽정민 | BY18: =IFERROR(IF(VLOOKUP($A18,'4주차'!$A$5:$D$406,3,FALSE)="","",VLOOKUP($A18,'4주차'!$A$5:$D$406,3,FALSE)),"") -> 85 | BZ18: =IFERROR(VLOOKUP($Z18,'4주차'!$A$5:$D$400,4,FALSE)," ") -> 60 | CB18: =수강생명단!$C14 -> 41382 | CC18: =수강생명단!D14 -> 곽정민 | CD18: =IFERROR(IF(VLOOKUP($BC18,'4주차'!$F$5:$I$406,3,FALSE)="","",VLOOKUP($F18,'4주차'!$F$5:$I$406,3,FALSE)),"") -> 100 | CE18: =IFERROR(VLOOKUP($BC18,'4주차'!$F$5:$I$400,4,FALSE)," ") -> 90 | CG18: =수강생명단!$C14 -> 41382 | CH18: =수강생명단!D14 -> 곽정민 | CI18: =IFERROR(IF(VLOOKUP($BH18,'4주차'!$K$5:$N$406,3,FALSE)="","",VLOOKUP($AJ18,'4주차'!$K$5:$WU$406,3,FALSE)),"") -> 75 | CJ18: =IFERROR(VLOOKUP($BH18,'4주차'!$K$5:$N$400,4,FALSE)," ") -> 80 | CL18: =수강생명단!$C14 -> 41382 | CM18: =수강생명단!D14 -> 곽정민 | CN18: =IFERROR(IF(VLOOKUP($BM18,'4주차'!$P$5:$S$406,3,FALSE)="","",VLOOKUP($BM18,'4주차'!$P$5:$S$406,3,FALSE)),"") -> 85 | CO18: =IFERROR(VLOOKUP($BM18,'4주차'!$P$5:$S$400,4,FALSE)," ") -> 70 | CQ18: =수강생명단!$C14 -> 41382 | CR18: =수강생명단!C14 -> 41382 | CS18: =IFERROR(IF(VLOOKUP($BS18,'4주차'!$V$5:$X$406,3,FALSE)="","",VLOOKUP($BS18,'4주차'!$V$5:$X$406,3,FALSE)),"") -> 99 | CV18: 11 | CW18: =수강생명단!D14 -> 곽정민 | CX18: =IFERROR(VLOOKUP($BX18,'5주차'!$B$5:$D$400,2,FALSE),"불참") -> 95 | CY18: =IFERROR(VLOOKUP($AY18,'5주차'!$B$5:$D$400,3,FALSE),"불참") -> 90 | DA18: 11 | DB18: =수강생명단!D14 -> 곽정민 | DC18: =IFERROR(VLOOKUP($CC18,'5주차'!$G$5:$I$400,2,FALSE),"불참") -> 불참 | DD18: =IFERROR(VLOOKUP($CC18,'5주차'!$G$5:$I$400,3,FALSE),"불참") -> 불참 | DF18: 11 | DG18: =수강생명단!D14 -> 곽정민 | DH18: =IFERROR(VLOOKUP($CH18,'5주차'!$V$5:$X$400,2,FALSE),"불참") -> 불참 | DI18: =IFERROR(VLOOKUP($BI18,'5주차'!$V$5:$X$400,3,FALSE),"불참") -> 불참 | DK18: 11 | DL18: =수강생명단!D14 -> 곽정민 | DM18: =IFERROR(VLOOKUP($CM18,'5주차'!$AA$5:$AC$400,2,FALSE),"불참") -> 불참 | DN18: =IFERROR(VLOOKUP($CM18,'5주차'!$AA$5:$AC$400,3,FALSE),"불참") -> 불참 | DP18: 11 | DQ18: =수강생명단!D14 -> 곽정민 | DR18: =IFERROR(VLOOKUP(#REF!,'5주차'!$AF$5:$AH$400,2,FALSE),"불참") -> 불참 | DS18: =IFERROR(VLOOKUP(#REF!,'5주차'!$AF$5:$AH$400,3,FALSE),"불참") -> 불참 | DU18: 11 | DV18: =수강생명단!C14 -> 41382 | DW18: =IFERROR(VLOOKUP($DV18,'5주차'!$AK$5:$AL$400,2,FALSE),"불참") -> 불참 | DX18: =IFERROR(VLOOKUP($DV18,'5주차'!$AK$5:$AL$400,2,FALSE),"불참") -> 불참
A19: =수강생명단!$C15 -> 43354 | B19: =수강생명단!D15 -> 구민상 | C19: =IFERROR(IF(VLOOKUP($A19,'1주차'!$A$5:$D$393,3,FALSE)="","",VLOOKUP($A19,'1주차'!$A$5:$D$393,3,FALSE)),"") -> 65 | D19: =IFERROR(IF(VLOOKUP($Q19,'1주차'!$A$5:$D$393,4,FALSE)="","",VLOOKUP($B19,'1주차'!$Q$5:$S$393,3,FALSE)),"") | F19: =수강생명단!C15 -> 43354 | G19: =수강생명단!D15 -> 구민상 | H19: =IFERROR(IF(VLOOKUP($F19,'1주차'!$F$5:$I$393,3,FALSE)="","",VLOOKUP($F19,'1주차'!$F$5:$I$393,3,FALSE)),"") -> 60 | I19: =IFERROR(IF(VLOOKUP($Q19,'1주차'!$F$5:$I$393,3,FALSE)="","",VLOOKUP($B19,'1주차'!$Q$5:$S$393,3,FALSE)),"") | K19: =수강생명단!C15 -> 43354 | L19: =수강생명단!D15 -> 구민상 | M19: =IFERROR(IF(VLOOKUP($K19,'1주차'!$K$5:$N$393,3,FALSE)="","",VLOOKUP($K19,'1주차'!$K$5:$N$393,3,FALSE)),"") -> 50 | N19: =IFERROR(IF(VLOOKUP($Q19,'1주차'!$N$5:$KQ$393,3,FALSE)="","",VLOOKUP($B19,'1주차'!$Q$5:$S$393,3,FALSE)),"") | P19: =수강생명단!C15 -> 43354 | Q19: =수강생명단!D15 -> 구민상 | R19: =IFERROR(IF(VLOOKUP($P19,'1주차'!$P$5:$S$393,3,FALSE)="","",VLOOKUP($P19,'1주차'!$P$5:$S$393,3,FALSE)),"") -> 65 | S19: =IFERROR(IF(VLOOKUP($P19,'1주차'!$P$5:$S$393,4,FALSE)="","",VLOOKUP($P19,'1주차'!$P$5:$S$393,4,FALSE)),"") -> 80 | U19: =수강생명단!C15 -> 43354 | V19: =수강생명단!D15 -> 구민상 | Z19: =수강생명단!$C15 -> 43354 | AA19: =수강생명단!D15 -> 구민상 | AB19: =IFERROR(IF(VLOOKUP($A19,'2주차'!$A$5:$D$406,3,FALSE)="","",VLOOKUP($A19,'2주차'!$A$5:$D$406,3,FALSE)),"") -> 70 | AC19: =IFERROR(VLOOKUP($Z19,'2주차'!$A$5:$D$400,4,FALSE)," ") -> 70 | AE19: =수강생명단!$C15 -> 43354 | AF19: =수강생명단!D15 -> 구민상 | AG19: =IFERROR(IF(VLOOKUP($AE19,'2주차'!$F$5:$I$406,3,FALSE)="","",VLOOKUP($F19,'2주차'!$F$5:$I$406,3,FALSE)),"") -> 75 | AH19: =IFERROR(VLOOKUP($AE19,'2주차'!$F$5:$I$400,4,FALSE)," ") -> 90 | AJ19: =수강생명단!$C15 -> 43354 | AK19: =수강생명단!D15 -> 구민상 | AL19: =IFERROR(IF(VLOOKUP($AJ19,'2주차'!$U$5:$X$406,3,FALSE)="","",VLOOKUP($F19,'2주차'!$U$5:$X$406,3,FALSE)),"") -> 65 | AM19: =IFERROR(VLOOKUP($AJ19,'2주차'!$U$5:$X$400,4,FALSE)," ") -> 60 | AO19: =수강생명단!$C15 -> 43354 | AP19: =수강생명단!D15 -> 구민상 | AQ19: =IFERROR(IF(VLOOKUP($AO19,'2주차'!$Z$5:$AC$406,3,FALSE)="","",VLOOKUP($AO19,'2주차'!$Z$5:$AC$406,3,FALSE)),"") -> 65 | AR19: =IFERROR(VLOOKUP($AO19,'2주차'!$Z$5:$AC$400,4,FALSE)," ") -> 100 | AT19: =수강생명단!$C15 -> 43354 | AU19: =수강생명단!C15 -> 43354 | AV19: =IFERROR(IF(VLOOKUP($AU19,'2주차'!$AF$5:$AI$406,3,FALSE)="","",VLOOKUP($AU19,'2주차'!$AF$5:$AI$406,3,FALSE)),"") | AX19: =수강생명단!$C15 -> 43354 | AY19: =수강생명단!D15 -> 구민상 | AZ19: =IFERROR(IF(VLOOKUP($A19,'3주차'!$A$5:$D$406,3,FALSE)="","",VLOOKUP($A19,'3주차'!$A$5:$D$406,3,FALSE)),"") -> 90 | BA19: =IFERROR(VLOOKUP($Z19,'3주차'!$A$5:$D$400,4,FALSE)," ") -> 80 | BC19: =수강생명단!$C15 -> 43354 | BD19: =수강생명단!D15 -> 구민상 | BE19: =IFERROR(IF(VLOOKUP($BC19,'3주차'!$F$5:$I$406,3,FALSE)="","",VLOOKUP($F19,'3주차'!$F$5:$I$406,3,FALSE)),"") -> 60 | BF19: =IFERROR(VLOOKUP($BC19,'3주차'!$F$5:$I$400,4,FALSE)," ") -> 70 | BH19: =수강생명단!$C15 -> 43354 | BI19: =수강생명단!D15 -> 구민상 | BJ19: =IFERROR(IF(VLOOKUP($BH19,'3주차'!$K$5:$N$406,3,FALSE)="","",VLOOKUP($AJ19,'3주차'!$K$5:$XN$406,3,FALSE)),"") -> 75 | BK19: =IFERROR(VLOOKUP($BH19,'3주차'!$K$5:$N$400,4,FALSE)," ") -> 90 | BM19: =수강생명단!$C15 -> 43354 | BN19: =수강생명단!D15 -> 구민상 | BO19: =IFERROR(IF(VLOOKUP($BM19,'3주차'!$P$5:$S$406,3,FALSE)="","",VLOOKUP($BM19,'3주차'!$P$5:$S$406,3,FALSE)),"") -> 70 | BP19: =IFERROR(VLOOKUP($BM19,'3주차'!$P$5:$S$400,4,FALSE)," ") -> 90 | BR19: =수강생명단!$C15 -> 43354 | BS19: =수강생명단!C15 -> 43354 | BT19: =IFERROR(IF(VLOOKUP($BS19,'3주차'!$V$5:$X$406,3,FALSE)="","",VLOOKUP($BS19,'3주차'!$V$5:$X$406,3,FALSE)),"") -> 94 | BW19: =수강생명단!$C15 -> 43354 | BX19: =수강생명단!D15 -> 구민상 | BY19: =IFERROR(IF(VLOOKUP($A19,'4주차'!$A$5:$D$406,3,FALSE)="","",VLOOKUP($A19,'4주차'!$A$5:$D$406,3,FALSE)),"") -> 80 | BZ19: =IFERROR(VLOOKUP($Z19,'4주차'!$A$5:$D$400,4,FALSE)," ") -> 60 | CB19: =수강생명단!$C15 -> 43354 | CC19: =수강생명단!D15 -> 구민상 | CD19: =IFERROR(IF(VLOOKUP($BC19,'4주차'!$F$5:$I$406,3,FALSE)="","",VLOOKUP($F19,'4주차'!$F$5:$I$406,3,FALSE)),"") -> 60 | CE19: =IFERROR(VLOOKUP($BC19,'4주차'!$F$5:$I$400,4,FALSE)," ") -> 100 | CG19: =수강생명단!$C15 -> 43354 | CH19: =수강생명단!D15 -> 구민상 | CI19: =IFERROR(IF(VLOOKUP($BH19,'4주차'!$K$5:$N$406,3,FALSE)="","",VLOOKUP($AJ19,'4주차'!$K$5:$WU$406,3,FALSE)),"") -> 70 | CJ19: =IFERROR(VLOOKUP($BH19,'4주차'!$K$5:$N$400,4,FALSE)," ") -> 90 | CL19: =수강생명단!$C15 -> 43354 | CM19: =수강생명단!D15 -> 구민상 | CN19: =IFERROR(IF(VLOOKUP($BM19,'4주차'!$P$5:$S$406,3,FALSE)="","",VLOOKUP($BM19,'4주차'!$P$5:$S$406,3,FALSE)),"") -> 80 | CO19: =IFERROR(VLOOKUP($BM19,'4주차'!$P$5:$S$400,4,FALSE)," ") -> 50 | CQ19: =수강생명단!$C15 -> 43354 | CR19: =수강생명단!C15 -> 43354 | CS19: =IFERROR(IF(VLOOKUP($BS19,'4주차'!$V$5:$X$406,3,FALSE)="","",VLOOKUP($BS19,'4주차'!$V$5:$X$406,3,FALSE)),"") -> 96 | CV19: 12 | CW19: =수강생명단!D15 -> 구민상 | CX19: =IFERROR(VLOOKUP($BX19,'5주차'!$B$5:$D$400,2,FALSE),"불참") -> 90 | CY19: =IFERROR(VLOOKUP($AY19,'5주차'!$B$5:$D$400,3,FALSE),"불참") -> 70 | DA19: 12 | DB19: =수강생명단!D15 -> 구민상 | DC19: =IFERROR(VLOOKUP($CC19,'5주차'!$G$5:$I$400,2,FALSE),"불참") -> 불참 | DD19: =IFERROR(VLOOKUP($CC19,'5주차'!$G$5:$I$400,3,FALSE),"불참") -> 불참 | DF19: 12 | DG19: =수강생명단!D15 -> 구민상 | DH19: =IFERROR(VLOOKUP($CH19,'5주차'!$V$5:$X$400,2,FALSE),"불참") -> 불참 | DI19: =IFERROR(VLOOKUP($BI19,'5주차'!$V$5:$X$400,3,FALSE),"불참") -> 불참 | DK19: 12 | DL19: =수강생명단!D15 -> 구민상 | DM19: =IFERROR(VLOOKUP($CM19,'5주차'!$AA$5:$AC$400,2,FALSE),"불참") -> 불참 | DN19: =IFERROR(VLOOKUP($CM19,'5주차'!$AA$5:$AC$400,3,FALSE),"불참") -> 불참 | DP19: 12 | DQ19: =수강생명단!D15 -> 구민상 | DR19: =IFERROR(VLOOKUP(#REF!,'5주차'!$AF$5:$AH$400,2,FALSE),"불참") -> 불참 | DS19: =IFERROR(VLOOKUP(#REF!,'5주차'!$AF$5:$AH$400,3,FALSE),"불참") -> 불참 | DU19: 12 | DV19: =수강생명단!C15 -> 43354 | DW19: =IFERROR(VLOOKUP($DV19,'5주차'!$AK$5:$AL$400,2,FALSE),"불참") -> 불참 | DX19: =IFERROR(VLOOKUP($DV19,'5주차'!$AK$5:$AL$400,2,FALSE),"불참") -> 불참
... A214: =수강생명단!$C210 -> 33000 | B214: =수강생명단!D210 -> 장예진 | C214: =IFERROR(IF(VLOOKUP($A214,'1주차'!$A$5:$D$393,3,FALSE)="","",VLOOKUP($A214,'1주차'!$A$5:$D$393,3,FALSE)),"") -> 95 | D214: =IFERROR(IF(VLOOKUP($Q214,'1주차'!$A$5:$D$393,4,FALSE)="","",VLOOKUP($B214,'1주차'!$Q$5:$S$393,3,FALSE)),"") | F214: =수강생명단!C210 -> 33000 | G214: =수강생명단!D210 -> 장예진 | H214: =IFERROR(IF(VLOOKUP($F214,'1주차'!$F$5:$I$393,3,FALSE)="","",VLOOKUP($F214,'1주차'!$F$5:$I$393,3,FALSE)),"") -> 95 | I214: =IFERROR(IF(VLOOKUP($Q214,'1주차'!$F$5:$I$393,3,FALSE)="","",VLOOKUP($B214,'1주차'!$Q$5:$S$393,3,FALSE)),"") | K214: =수강생명단!C210 -> 33000 | L214: =수강생명단!D210 -> 장예진 | M214: =IFERROR(IF(VLOOKUP($K214,'1주차'!$K$5:$N$393,3,FALSE)="","",VLOOKUP($K214,'1주차'!$K$5:$N$393,3,FALSE)),"") -> 90 | N214: =IFERROR(IF(VLOOKUP($Q214,'1주차'!$N$5:$KQ$393,3,FALSE)="","",VLOOKUP($B214,'1주차'!$Q$5:$S$393,3,FALSE)),"") | P214: =수강생명단!C210 -> 33000 | Q214: =수강생명단!D210 -> 장예진 | R214: =IFERROR(IF(VLOOKUP($P214,'1주차'!$P$5:$S$393,3,FALSE)="","",VLOOKUP($P214,'1주차'!$P$5:$S$393,3,FALSE)),"") -> 100 | S214: =IFERROR(IF(VLOOKUP($P214,'1주차'!$P$5:$S$393,4,FALSE)="","",VLOOKUP($P214,'1주차'!$P$5:$S$393,4,FALSE)),"") -> 100 | U214: =수강생명단!C210 -> 33000 | V214: =수강생명단!D210 -> 장예진 | Z214: =수강생명단!$C210 -> 33000 | AA214: =수강생명단!D210 -> 장예진 | AB214: =IFERROR(IF(VLOOKUP($A214,'2주차'!$A$5:$D$406,3,FALSE)="","",VLOOKUP($A214,'2주차'!$A$5:$D$406,3,FALSE)),"") -> 90 | AC214: =IFERROR(VLOOKUP($Z214,'2주차'!$A$5:$D$400,4,FALSE)," ") -> 100 | AE214: =수강생명단!$C210 -> 33000 | AF214: =수강생명단!D210 -> 장예진 | AG214: =IFERROR(IF(VLOOKUP($AE214,'2주차'!$F$5:$I$406,3,FALSE)="","",VLOOKUP($F214,'2주차'!$F$5:$I$406,3,FALSE)),"") -> 100 | AH214: =IFERROR(VLOOKUP($AE214,'2주차'!$F$5:$I$400,4,FALSE)," ") -> 100 | AJ214: =수강생명단!$C210 -> 33000 | AK214: =수강생명단!D210 -> 장예진 | AL214: =IFERROR(IF(VLOOKUP($AJ214,'2주차'!$U$5:$X$406,3,FALSE)="","",VLOOKUP($F214,'2주차'!$U$5:$X$406,3,FALSE)),"") -> 80 | AM214: =IFERROR(VLOOKUP($AJ214,'2주차'!$U$5:$X$400,4,FALSE)," ") -> 90 | AO214: =수강생명단!$C210 -> 33000 | AP214: =수강생명단!D210 -> 장예진 | AQ214: =IFERROR(IF(VLOOKUP($AO214,'2주차'!$Z$5:$AC$406,3,FALSE)="","",VLOOKUP($AO214,'2주차'!$Z$5:$AC$406,3,FALSE)),"") -> 85 | AR214: =IFERROR(VLOOKUP($AO214,'2주차'!$Z$5:$AC$400,4,FALSE)," ") -> 80 | AT214: =수강생명단!$C210 -> 33000 | AU214: =수강생명단!C210 -> 33000 | AV214: =IFERROR(IF(VLOOKUP($AU214,'2주차'!$AF$5:$AI$406,3,FALSE)="","",VLOOKUP($AU214,'2주차'!$AF$5:$AI$406,3,FALSE)),"") -> 99 | AX214: =수강생명단!$C210 -> 33000 | AY214: =수강생명단!D210 -> 장예진 | AZ214: =IFERROR(IF(VLOOKUP($A214,'3주차'!$A$5:$D$406,3,FALSE)="","",VLOOKUP($A214,'3주차'!$A$5:$D$406,3,FALSE)),"") -> 85(라) | BA214: =IFERROR(VLOOKUP($Z214,'3주차'!$A$5:$D$400,4,FALSE)," ") -> 라이브 | BC214: =수강생명단!$C210 -> 33000 | BD214: =수강생명단!D210 -> 장예진 | BE214: =IFERROR(IF(VLOOKUP($BC214,'3주차'!$F$5:$I$406,3,FALSE)="","",VLOOKUP($F214,'3주차'!$F$5:$I$406,3,FALSE)),"") -> 100 | BF214: =IFERROR(VLOOKUP($BC214,'3주차'!$F$5:$I$400,4,FALSE)," ") -> 100 | BH214: =수강생명단!$C210 -> 33000 | BI214: =수강생명단!D210 -> 장예진 | BJ214: =IFERROR(IF(VLOOKUP($BH214,'3주차'!$K$5:$N$406,3,FALSE)="","",VLOOKUP($AJ214,'3주차'!$K$5:$XN$406,3,FALSE)),"") -> 90 | BK214: =IFERROR(VLOOKUP($BH214,'3주차'!$K$5:$N$400,4,FALSE)," ") -> 100 | BM214: =수강생명단!$C210 -> 33000 | BN214: =수강생명단!D210 -> 장예진 | BO214: =IFERROR(IF(VLOOKUP($BM214,'3주차'!$P$5:$S$406,3,FALSE)="","",VLOOKUP($BM214,'3주차'!$P$5:$S$406,3,FALSE)),"") -> 85(라) | BP214: =IFERROR(VLOOKUP($BM214,'3주차'!$P$5:$S$400,4,FALSE)," ") -> 라이브 | BR214: =수강생명단!$C210 -> 33000 | BS214: =수강생명단!C210 -> 33000 | BT214: =IFERROR(IF(VLOOKUP($BS214,'3주차'!$V$5:$X$406,3,FALSE)="","",VLOOKUP($BS214,'3주차'!$V$5:$X$406,3,FALSE)),"") -> 99 | BW214: =수강생명단!$C210 -> 33000 | BX214: =수강생명단!D210 -> 장예진 | BY214: =IFERROR(IF(VLOOKUP($A214,'4주차'!$A$5:$D$406,3,FALSE)="","",VLOOKUP($A214,'4주차'!$A$5:$D$406,3,FALSE)),"") -> 90(라) | BZ214: =IFERROR(VLOOKUP($Z214,'4주차'!$A$5:$D$400,4,FALSE)," ") -> 라이브 | CB214: =수강생명단!$C210 -> 33000 | CC214: =수강생명단!D210 -> 장예진 | CD214: =IFERROR(IF(VLOOKUP($BC214,'4주차'!$F$5:$I$406,3,FALSE)="","",VLOOKUP($F214,'4주차'!$F$5:$I$406,3,FALSE)),"") -> 95 | CE214: =IFERROR(VLOOKUP($BC214,'4주차'!$F$5:$I$400,4,FALSE)," ") -> 100 | CG214: =수강생명단!$C210 -> 33000 | CH214: =수강생명단!D210 -> 장예진 | CI214: =IFERROR(IF(VLOOKUP($BH214,'4주차'!$K$5:$N$406,3,FALSE)="","",VLOOKUP($AJ214,'4주차'!$K$5:$WU$406,3,FALSE)),"") -> 100 | CJ214: =IFERROR(VLOOKUP($BH214,'4주차'!$K$5:$N$400,4,FALSE)," ") -> 80 | CL214: =수강생명단!$C210 -> 33000 | CM214: =수강생명단!D210 -> 장예진 | CN214: =IFERROR(IF(VLOOKUP($BM214,'4주차'!$P$5:$S$406,3,FALSE)="","",VLOOKUP($BM214,'4주차'!$P$5:$S$406,3,FALSE)),"") -> 75 | CO214: =IFERROR(VLOOKUP($BM214,'4주차'!$P$5:$S$400,4,FALSE)," ") -> 80 | CQ214: =수강생명단!$C210 -> 33000 | CR214: =수강생명단!C210 -> 33000 | CS214: =IFERROR(IF(VLOOKUP($BS214,'4주차'!$V$5:$X$406,3,FALSE)="","",VLOOKUP($BS214,'4주차'!$V$5:$X$406,3,FALSE)),"") -> 100 | CV214: 207 | CW214: =수강생명단!D210 -> 장예진 | CX214: =IFERROR(VLOOKUP($BX214,'5주차'!$B$5:$D$400,2,FALSE),"불참") -> 95 | CY214: =IFERROR(VLOOKUP($AY214,'5주차'!$B$5:$D$400,3,FALSE),"불참") -> 90 | DA214: 207 | DB214: =수강생명단!D210 -> 장예진 | DC214: =IFERROR(VLOOKUP($CC214,'5주차'!$G$5:$I$400,2,FALSE),"불참") -> 불참 | DD214: =IFERROR(VLOOKUP($CC214,'5주차'!$G$5:$I$400,3,FALSE),"불참") -> 불참 | DF214: 207 | DG214: =수강생명단!D210 -> 장예진 | DH214: =IFERROR(VLOOKUP($CH214,'5주차'!$V$5:$X$400,2,FALSE),"불참") -> 불참 | DI214: =IFERROR(VLOOKUP($BI214,'5주차'!$V$5:$X$400,3,FALSE),"불참") -> 불참 | DK214: 207 | DL214: =수강생명단!D210 -> 장예진 | DM214: =IFERROR(VLOOKUP($CM214,'5주차'!$AA$5:$AC$400,2,FALSE),"불참") -> 불참 | DN214: =IFERROR(VLOOKUP($CM214,'5주차'!$AA$5:$AC$400,3,FALSE),"불참") -> 불참 | DP214: 207 | DQ214: =수강생명단!D210 -> 장예진 | DR214: =IFERROR(VLOOKUP(#REF!,'5주차'!$AF$5:$AH$400,2,FALSE),"불참") -> 불참 | DS214: =IFERROR(VLOOKUP(#REF!,'5주차'!$AF$5:$AH$400,3,FALSE),"불참") -> 불참 | DU214: 207 | DV214: =수강생명단!C210 -> 33000 | DW214: =IFERROR(VLOOKUP($DV214,'5주차'!$AK$5:$AL$400,2,FALSE),"불참") -> 불참 | DX214: =IFERROR(VLOOKUP($DV214,'5주차'!$AK$5:$AL$400,2,FALSE),"불참") -> 불참
A215: =수강생명단!$C211 -> 32807 | B215: =수강생명단!D211 -> 장윤정 | C215: =IFERROR(IF(VLOOKUP($A215,'1주차'!$A$5:$D$393,3,FALSE)="","",VLOOKUP($A215,'1주차'!$A$5:$D$393,3,FALSE)),"") -> 60 | D215: =IFERROR(IF(VLOOKUP($Q215,'1주차'!$A$5:$D$393,4,FALSE)="","",VLOOKUP($B215,'1주차'!$Q$5:$S$393,3,FALSE)),"") | F215: =수강생명단!C211 -> 32807 | G215: =수강생명단!D211 -> 장윤정 | H215: =IFERROR(IF(VLOOKUP($F215,'1주차'!$F$5:$I$393,3,FALSE)="","",VLOOKUP($F215,'1주차'!$F$5:$I$393,3,FALSE)),"") -> 75 | I215: =IFERROR(IF(VLOOKUP($Q215,'1주차'!$F$5:$I$393,3,FALSE)="","",VLOOKUP($B215,'1주차'!$Q$5:$S$393,3,FALSE)),"") | K215: =수강생명단!C211 -> 32807 | L215: =수강생명단!D211 -> 장윤정 | M215: =IFERROR(IF(VLOOKUP($K215,'1주차'!$K$5:$N$393,3,FALSE)="","",VLOOKUP($K215,'1주차'!$K$5:$N$393,3,FALSE)),"") -> 55 | N215: =IFERROR(IF(VLOOKUP($Q215,'1주차'!$N$5:$KQ$393,3,FALSE)="","",VLOOKUP($B215,'1주차'!$Q$5:$S$393,3,FALSE)),"") | P215: =수강생명단!C211 -> 32807 | Q215: =수강생명단!D211 -> 장윤정 | R215: =IFERROR(IF(VLOOKUP($P215,'1주차'!$P$5:$S$393,3,FALSE)="","",VLOOKUP($P215,'1주차'!$P$5:$S$393,3,FALSE)),"") -> 60 | S215: =IFERROR(IF(VLOOKUP($P215,'1주차'!$P$5:$S$393,4,FALSE)="","",VLOOKUP($P215,'1주차'!$P$5:$S$393,4,FALSE)),"") -> 80 | U215: =수강생명단!C211 -> 32807 | V215: =수강생명단!D211 -> 장윤정 | Z215: =수강생명단!$C211 -> 32807 | AA215: =수강생명단!D211 -> 장윤정 | AB215: =IFERROR(IF(VLOOKUP($A215,'2주차'!$A$5:$D$406,3,FALSE)="","",VLOOKUP($A215,'2주차'!$A$5:$D$406,3,FALSE)),"") | AC215: =IFERROR(VLOOKUP($Z215,'2주차'!$A$5:$D$400,4,FALSE)," ") | AE215: =수강생명단!$C211 -> 32807 | AF215: =수강생명단!D211 -> 장윤정 | AG215: =IFERROR(IF(VLOOKUP($AE215,'2주차'!$F$5:$I$406,3,FALSE)="","",VLOOKUP($F215,'2주차'!$F$5:$I$406,3,FALSE)),"") -> 65 | AH215: =IFERROR(VLOOKUP($AE215,'2주차'!$F$5:$I$400,4,FALSE)," ") -> 60 | AJ215: =수강생명단!$C211 -> 32807 | AK215: =수강생명단!D211 -> 장윤정 | AL215: =IFERROR(IF(VLOOKUP($AJ215,'2주차'!$U$5:$X$406,3,FALSE)="","",VLOOKUP($F215,'2주차'!$U$5:$X$406,3,FALSE)),"") -> 50 | AM215: =IFERROR(VLOOKUP($AJ215,'2주차'!$U$5:$X$400,4,FALSE)," ") -> 50 | AO215: =수강생명단!$C211 -> 32807 | AP215: =수강생명단!D211 -> 장윤정 | AQ215: =IFERROR(IF(VLOOKUP($AO215,'2주차'!$Z$5:$AC$406,3,FALSE)="","",VLOOKUP($AO215,'2주차'!$Z$5:$AC$406,3,FALSE)),"") | AR215: =IFERROR(VLOOKUP($AO215,'2주차'!$Z$5:$AC$400,4,FALSE)," ") | AT215: =수강생명단!$C211 -> 32807 | AU215: =수강생명단!C211 -> 32807 | AV215: =IFERROR(IF(VLOOKUP($AU215,'2주차'!$AF$5:$AI$406,3,FALSE)="","",VLOOKUP($AU215,'2주차'!$AF$5:$AI$406,3,FALSE)),"") -> 72 | AX215: =수강생명단!$C211 -> 32807 | AY215: =수강생명단!D211 -> 장윤정 | AZ215: =IFERROR(IF(VLOOKUP($A215,'3주차'!$A$5:$D$406,3,FALSE)="","",VLOOKUP($A215,'3주차'!$A$5:$D$406,3,FALSE)),"") -> 65 | BA215: =IFERROR(VLOOKUP($Z215,'3주차'!$A$5:$D$400,4,FALSE)," ") -> 80 | BC215: =수강생명단!$C211 -> 32807 | BD215: =수강생명단!D211 -> 장윤정 | BE215: =IFERROR(IF(VLOOKUP($BC215,'3주차'!$F$5:$I$406,3,FALSE)="","",VLOOKUP($F215,'3주차'!$F$5:$I$406,3,FALSE)),"") -> 85(라) | BF215: =IFERROR(VLOOKUP($BC215,'3주차'!$F$5:$I$400,4,FALSE)," ") -> 라이브 | BH215: =수강생명단!$C211 -> 32807 | BI215: =수강생명단!D211 -> 장윤정 | BJ215: =IFERROR(IF(VLOOKUP($BH215,'3주차'!$K$5:$N$406,3,FALSE)="","",VLOOKUP($AJ215,'3주차'!$K$5:$XN$406,3,FALSE)),"") | BK215: =IFERROR(VLOOKUP($BH215,'3주차'!$K$5:$N$400,4,FALSE)," ") | BM215: =수강생명단!$C211 -> 32807 | BN215: =수강생명단!D211 -> 장윤정 | BO215: =IFERROR(IF(VLOOKUP($BM215,'3주차'!$P$5:$S$406,3,FALSE)="","",VLOOKUP($BM215,'3주차'!$P$5:$S$406,3,FALSE)),"") -> 35(라) | BP215: =IFERROR(VLOOKUP($BM215,'3주차'!$P$5:$S$400,4,FALSE)," ") -> 라이브 | BR215: =수강생명단!$C211 -> 32807 | BS215: =수강생명단!C211 -> 32807 | BT215: =IFERROR(IF(VLOOKUP($BS215,'3주차'!$V$5:$X$406,3,FALSE)="","",VLOOKUP($BS215,'3주차'!$V$5:$X$406,3,FALSE)),"") | BW215: =수강생명단!$C211 -> 32807 | BX215: =수강생명단!D211 -> 장윤정 | BY215: =IFERROR(IF(VLOOKUP($A215,'4주차'!$A$5:$D$406,3,FALSE)="","",VLOOKUP($A215,'4주차'!$A$5:$D$406,3,FALSE)),"") | BZ215: =IFERROR(VLOOKUP($Z215,'4주차'!$A$5:$D$400,4,FALSE)," ") | CB215: =수강생명단!$C211 -> 32807 | CC215: =수강생명단!D211 -> 장윤정 | CD215: =IFERROR(IF(VLOOKUP($BC215,'4주차'!$F$5:$I$406,3,FALSE)="","",VLOOKUP($F215,'4주차'!$F$5:$I$406,3,FALSE)),"") -> 35(라) | CE215: =IFERROR(VLOOKUP($BC215,'4주차'!$F$5:$I$400,4,FALSE)," ") -> 라이브 | CG215: =수강생명단!$C211 -> 32807 | CH215: =수강생명단!D211 -> 장윤정 | CI215: =IFERROR(IF(VLOOKUP($BH215,'4주차'!$K$5:$N$406,3,FALSE)="","",VLOOKUP($AJ215,'4주차'!$K$5:$WU$406,3,FALSE)),"") | CJ215: =IFERROR(VLOOKUP($BH215,'4주차'!$K$5:$N$400,4,FALSE)," ") | CL215: =수강생명단!$C211 -> 32807 | CM215: =수강생명단!D211 -> 장윤정 | CN215: =IFERROR(IF(VLOOKUP($BM215,'4주차'!$P$5:$S$406,3,FALSE)="","",VLOOKUP($BM215,'4주차'!$P$5:$S$406,3,FALSE)),"") | CO215: =IFERROR(VLOOKUP($BM215,'4주차'!$P$5:$S$400,4,FALSE)," ") | CQ215: =수강생명단!$C211 -> 32807 | CR215: =수강생명단!C211 -> 32807 | CS215: =IFERROR(IF(VLOOKUP($BS215,'4주차'!$V$5:$X$406,3,FALSE)="","",VLOOKUP($BS215,'4주차'!$V$5:$X$406,3,FALSE)),"") | CV215: 208 | CW215: =수강생명단!E211 -> 51 | CX215: =IFERROR(VLOOKUP($BX215,'5주차'!$B$5:$D$400,2,FALSE),"불참") -> 탈락 | CY215: =IFERROR(VLOOKUP($AY215,'5주차'!$B$5:$D$400,3,FALSE),"불참") -> 탈락 | DA215: 208 | DB215: =수강생명단!E211 -> 51 | DC215: =IFERROR(VLOOKUP($CC215,'5주차'!$G$5:$I$400,2,FALSE),"불참") -> 탈락 | DD215: =IFERROR(VLOOKUP($CC215,'5주차'!$G$5:$I$400,3,FALSE),"불참") -> 탈락 | DF215: 208 | DG215: =수강생명단!E211 -> 51 | DH215: =IFERROR(VLOOKUP($CH215,'5주차'!$V$5:$X$400,2,FALSE),"불참") -> 탈락 | DI215: =IFERROR(VLOOKUP($BI215,'5주차'!$V$5:$X$400,3,FALSE),"불참") -> 탈락 | DK215: 208 | DL215: =수강생명단!E211 -> 51 | DM215: =IFERROR(VLOOKUP($CM215,'5주차'!$AA$5:$AC$400,2,FALSE),"불참") -> 불참 | DN215: =IFERROR(VLOOKUP($CM215,'5주차'!$AA$5:$AC$400,3,FALSE),"불참") -> 불참 | DP215: 208 | DQ215: =수강생명단!E211 -> 51 | DR215: =IFERROR(VLOOKUP(#REF!,'5주차'!$AF$5:$AH$400,2,FALSE),"불참") -> 불참 | DS215: =IFERROR(VLOOKUP(#REF!,'5주차'!$AF$5:$AH$400,3,FALSE),"불참") -> 불참 | DU215: 208 | DV215: =수강생명단!D211 -> 장윤정 | DW215: =IFERROR(VLOOKUP($DV215,'5주차'!$AK$5:$AL$400,2,FALSE),"불참") -> 불참 | DX215: =IFERROR(VLOOKUP($DV215,'5주차'!$AK$5:$AL$400,2,FALSE),"불참") -> 불참
A216: =수강생명단!$C212 -> 41274 | B216: =수강생명단!D212 -> 장재명 | C216: =IFERROR(IF(VLOOKUP($A216,'1주차'!$A$5:$D$393,3,FALSE)="","",VLOOKUP($A216,'1주차'!$A$5:$D$393,3,FALSE)),"") -> 45 | D216: =IFERROR(IF(VLOOKUP($Q216,'1주차'!$A$5:$D$393,4,FALSE)="","",VLOOKUP($B216,'1주차'!$Q$5:$S$393,3,FALSE)),"") | F216: =수강생명단!C212 -> 41274 | G216: =수강생명단!D212 -> 장재명 | H216: =IFERROR(IF(VLOOKUP($F216,'1주차'!$F$5:$I$393,3,FALSE)="","",VLOOKUP($F216,'1주차'!$F$5:$I$393,3,FALSE)),"") -> 45 | I216: =IFERROR(IF(VLOOKUP($Q216,'1주차'!$F$5:$I$393,3,FALSE)="","",VLOOKUP($B216,'1주차'!$Q$5:$S$393,3,FALSE)),"") | K216: =수강생명단!C212 -> 41274 | L216: =수강생명단!D212 -> 장재명 | M216: =IFERROR(IF(VLOOKUP($K216,'1주차'!$K$5:$N$393,3,FALSE)="","",VLOOKUP($K216,'1주차'!$K$5:$N$393,3,FALSE)),"") -> 50 | N216: =IFERROR(IF(VLOOKUP($Q216,'1주차'!$N$5:$KQ$393,3,FALSE)="","",VLOOKUP($B216,'1주차'!$Q$5:$S$393,3,FALSE)),"") | P216: =수강생명단!C212 -> 41274 | Q216: =수강생명단!D212 -> 장재명 | R216: =IFERROR(IF(VLOOKUP($P216,'1주차'!$P$5:$S$393,3,FALSE)="","",VLOOKUP($P216,'1주차'!$P$5:$S$393,3,FALSE)),"") -> 60 | S216: =IFERROR(IF(VLOOKUP($P216,'1주차'!$P$5:$S$393,4,FALSE)="","",VLOOKUP($P216,'1주차'!$P$5:$S$393,4,FALSE)),"") -> 50 | U216: =수강생명단!C212 -> 41274 | V216: =수강생명단!D212 -> 장재명 | Z216: =수강생명단!$C212 -> 41274 | AA216: =수강생명단!D212 -> 장재명 | AB216: =IFERROR(IF(VLOOKUP($A216,'2주차'!$A$5:$D$406,3,FALSE)="","",VLOOKUP($A216,'2주차'!$A$5:$D$406,3,FALSE)),"") -> 60 | AC216: =IFERROR(VLOOKUP($Z216,'2주차'!$A$5:$D$400,4,FALSE)," ") -> 80 | AE216: =수강생명단!$C212 -> 41274 | AF216: =수강생명단!D212 -> 장재명 | AG216: =IFERROR(IF(VLOOKUP($AE216,'2주차'!$F$5:$I$406,3,FALSE)="","",VLOOKUP($F216,'2주차'!$F$5:$I$406,3,FALSE)),"") -> 55 | AH216: =IFERROR(VLOOKUP($AE216,'2주차'!$F$5:$I$400,4,FALSE)," ") -> 70 | AJ216: =수강생명단!$C212 -> 41274 | AK216: =수강생명단!D212 -> 장재명 | AL216: =IFERROR(IF(VLOOKUP($AJ216,'2주차'!$U$5:$X$406,3,FALSE)="","",VLOOKUP($F216,'2주차'!$U$5:$X$406,3,FALSE)),"") -> 35 | AM216: =IFERROR(VLOOKUP($AJ216,'2주차'!$U$5:$X$400,4,FALSE)," ") -> 50 | AO216: =수강생명단!$C212 -> 41274 | AP216: =수강생명단!D212 -> 장재명 | AQ216: =IFERROR(IF(VLOOKUP($AO216,'2주차'!$Z$5:$AC$406,3,FALSE)="","",VLOOKUP($AO216,'2주차'!$Z$5:$AC$406,3,FALSE)),"") -> 40 | AR216: =IFERROR(VLOOKUP($AO216,'2주차'!$Z$5:$AC$400,4,FALSE)," ") -> 50 | AT216: =수강생명단!$C212 -> 41274 | AU216: =수강생명단!C212 -> 41274 | AV216: =IFERROR(IF(VLOOKUP($AU216,'2주차'!$AF$5:$AI$406,3,FALSE)="","",VLOOKUP($AU216,'2주차'!$AF$5:$AI$406,3,FALSE)),"") -> 74 | AX216: =수강생명단!$C212 -> 41274 | AY216: =수강생명단!D212 -> 장재명 | AZ216: =IFERROR(IF(VLOOKUP($A216,'3주차'!$A$5:$D$406,3,FALSE)="","",VLOOKUP($A216,'3주차'!$A$5:$D$406,3,FALSE)),"") -> 40 | BA216: =IFERROR(VLOOKUP($Z216,'3주차'!$A$5:$D$400,4,FALSE)," ") -> 60 | BC216: =수강생명단!$C212 -> 41274 | BD216: =수강생명단!D212 -> 장재명 | BE216: =IFERROR(IF(VLOOKUP($BC216,'3주차'!$F$5:$I$406,3,FALSE)="","",VLOOKUP($F216,'3주차'!$F$5:$I$406,3,FALSE)),"") -> 60 | BF216: =IFERROR(VLOOKUP($BC216,'3주차'!$F$5:$I$400,4,FALSE)," ") -> 20 | BH216: =수강생명단!$C212 -> 41274 | BI216: =수강생명단!D212 -> 장재명 | BJ216: =IFERROR(IF(VLOOKUP($BH216,'3주차'!$K$5:$N$406,3,FALSE)="","",VLOOKUP($AJ216,'3주차'!$K$5:$XN$406,3,FALSE)),"") -> 65 | BK216: =IFERROR(VLOOKUP($BH216,'3주차'!$K$5:$N$400,4,FALSE)," ") -> 50 | BM216: =수강생명단!$C212 -> 41274 | BN216: =수강생명단!D212 -> 장재명 | BO216: =IFERROR(IF(VLOOKUP($BM216,'3주차'!$P$5:$S$406,3,FALSE)="","",VLOOKUP($BM216,'3주차'!$P$5:$S$406,3,FALSE)),"") -> 45 | BP216: =IFERROR(VLOOKUP($BM216,'3주차'!$P$5:$S$400,4,FALSE)," ") -> 60 | BR216: =수강생명단!$C212 -> 41274 | BS216: =수강생명단!C212 -> 41274 | BT216: =IFERROR(IF(VLOOKUP($BS216,'3주차'!$V$5:$X$406,3,FALSE)="","",VLOOKUP($BS216,'3주차'!$V$5:$X$406,3,FALSE)),"") -> 80 | BW216: =수강생명단!$C212 -> 41274 | BX216: =수강생명단!D212 -> 장재명 | BY216: =IFERROR(IF(VLOOKUP($A216,'4주차'!$A$5:$D$406,3,FALSE)="","",VLOOKUP($A216,'4주차'!$A$5:$D$406,3,FALSE)),"") -> 55 | BZ216: =IFERROR(VLOOKUP($Z216,'4주차'!$A$5:$D$400,4,FALSE)," ") -> 50 | CB216: =수강생명단!$C212 -> 41274 | CC216: =수강생명단!D212 -> 장재명 | CD216: =IFERROR(IF(VLOOKUP($BC216,'4주차'!$F$5:$I$406,3,FALSE)="","",VLOOKUP($F216,'4주차'!$F$5:$I$406,3,FALSE)),"") -> 50 | CE216: =IFERROR(VLOOKUP($BC216,'4주차'!$F$5:$I$400,4,FALSE)," ") -> 30 | CG216: =수강생명단!$C212 -> 41274 | CH216: =수강생명단!D212 -> 장재명 | CI216: =IFERROR(IF(VLOOKUP($BH216,'4주차'!$K$5:$N$406,3,FALSE)="","",VLOOKUP($AJ216,'4주차'!$K$5:$WU$406,3,FALSE)),"") -> 60 | CJ216: =IFERROR(VLOOKUP($BH216,'4주차'!$K$5:$N$400,4,FALSE)," ") -> 30 | CL216: =수강생명단!$C212 -> 41274 | CM216: =수강생명단!D212 -> 장재명 | CN216: =IFERROR(IF(VLOOKUP($BM216,'4주차'!$P$5:$S$406,3,FALSE)="","",VLOOKUP($BM216,'4주차'!$P$5:$S$406,3,FALSE)),"") -> 60 | CO216: =IFERROR(VLOOKUP($BM216,'4주차'!$P$5:$S$400,4,FALSE)," ") -> 60 | CQ216: =수강생명단!$C212 -> 41274 | CR216: =수강생명단!C212 -> 41274 | CS216: =IFERROR(IF(VLOOKUP($BS216,'4주차'!$V$5:$X$406,3,FALSE)="","",VLOOKUP($BS216,'4주차'!$V$5:$X$406,3,FALSE)),"") -> 86
